frame_id,5's score,pos_x,pos_y,per_x,per_y
0,1.171751488829821e-11,13.200576160548765,12.14862835482689,0.5033726866576437,0.8640694059663643
1,1805.5769526287363,13.348237887775952,12.322352314925329,0.6388975104771026,0.7692918634082648
2,2322.867760042501,13.495542253823832,12.496379392540371,0.6456094713121999,0.7636677357018442
3,2901.3213853005377,13.643277751695841,12.670040622147067,0.6477523950913755,0.7618509267917094
4,3615.9654942770844,13.791049615115908,12.843670908621982,0.6480403476967131,0.7616060055941806
5,4397.316172880945,13.938337140837085,13.017712239250466,0.6461212269800216,0.7632348000752006
6,5364.220836015097,14.085628845679114,13.191750033090564,0.6460134004051696,0.7633260682676506
7,5761.766118206759,14.238112053785027,13.36125776520249,0.6673479504076256,0.7447460728911172
8,3588.44665686448,14.402111494523208,13.519650263249474,0.7129077225386172,0.7012578549612132
9,4218.6343140229355,14.566140622240775,13.678012017660741,0.7191858106448465,0.6948177960926987
10,4891.715586227112,14.730219457576512,13.83632226936564,0.720115986189223,0.6938537067961248
11,5615.786542071563,14.894344408841391,13.994584710811175,0.7202521248777433,0.6937123875274938
12,6437.063401276293,15.058378961141319,14.152940846315177,0.7197342256042054,0.6942496989512598
13,7056.752347948206,15.222474534005748,14.311233748765966,0.7196463000436651,0.694340840534001
14,8019.571071932182,15.386646066415947,14.469447869330747,0.7196308552402262,0.6943568478716262
15,8803.013206880029,15.550900683492802,14.627575731420055,0.71956250321681,0.6944276808742278
16,9554.246122180211,15.715265224378477,14.785589331149449,0.7194899206024709,0.6945028827524405
17,3308.257082905214,15.89623564674074,14.92427496930288,0.7655971878934432,0.6433202514219896
18,3560.914254141796,16.077615233111736,15.062425053080943,0.780278716826189,0.6254319499898258
19,3743.703459810227,16.259045638495724,15.20050839024442,0.7839455554268078,0.6208295789720024
20,4079.082641109622,16.442266399549528,15.336207147493205,0.783337765627393,0.6215962877478304
21,4143.994453369674,16.630088150590296,15.465462668984475,0.7813932750565347,0.6240389007877817
22,4422.677446230992,16.50791209902135,15.272960688675123,0.7770415618476106,0.629449291969914
23,4526.021430681286,16.69311538056327,15.40594092971154,0.7680406034317611,0.6404011488748098
24,4693.538386135297,16.595708597040165,15.19979554770243,0.7622665186466451,0.6472632807060229
25,4944.304085769984,16.778150960180376,15.336539045287564,0.748762515759323,0.6628383626448984
26,5157.476343000072,16.726252910982197,15.114524197834914,0.7410304766452636,0.6714713937934317
27,5817.113202590729,16.903671332625386,15.257725816756068,0.7182786555139482,0.6957555411443556
28,6013.65729369912,16.92053695495757,15.03035046456646,0.708055715230742,0.7061565719648034
29,7368.06638491672,17.089608792414456,15.183316845771454,0.6715366003343292,0.7409713856900356
30,7570.042995471716,17.090460258345274,14.955318435676627,0.6581660612388052,0.7528727886126563
31,8526.535232282195,17.253354830975795,15.114846985496152,0.6268344828517038,0.7791524440749941
32,8684.521898372128,17.249485123292644,14.886879826978863,0.613706967209957,0.7895338867952133
33,9650.119570259916,17.407686769619364,15.051063380051378,0.5852431604489429,0.8108578439823673
34,9898.071616906329,17.411562550566796,14.823096324707745,0.5731115355316154,0.8194773748192161
35,10553.667961823156,17.56150609355852,14.994854683791337,0.5447618012057508,0.8385908298729876
36,10853.935229013794,17.59684470930184,14.769609967455201,0.5324133736006422,0.8464844946076585
37,7135.946670181293,17.824591461950046,14.758866752936346,0.533304551985026,0.8459233149831317
38,9240.512429639875,18.002921087107705,14.616801469382871,0.4854645480229809,0.8742563540591759
39,9251.858696553609,18.21841444512732,14.691277053633213,0.43901308405445993,0.898480668700775
40,12479.981980952238,18.376661712622333,14.527137471781787,0.37637378478238287,0.926467902373625
41,10333.11700733849,18.58396861853748,14.622047148632404,0.3419636505850936,0.9397131805388899
42,17264.88749363795,18.747127992508677,14.781304860173563,0.2576709560498991,0.9662327247657941
43,19604.956174294693,18.81242572543687,14.562855309763318,0.207417191367335,0.9782525792070708
44,20033.262775771895,18.92915492823639,14.758708043248935,0.17770649809436548,0.9840835333115971
45,20753.52284316424,19.00714435022751,14.544461339522854,0.15386567864218761,0.9880917735392695
46,20763.790048772516,19.11627092362217,14.744649728244926,0.12789144952807222,0.9917881715051903
47,21871.4843799636,19.20452268898903,14.534422170799113,0.10315133969518858,0.9946656730374723
48,22423.127066494522,19.306573547856075,14.738308468044657,0.07656773640953281,0.9970643819438744
49,22549.67352246858,19.40908305673442,14.534652383948158,0.052836512204851714,0.9986031759302725
50,19170.583504930953,19.60525742249235,14.650840241400964,0.042117945456927895,0.9991126456363603
51,24187.543754977123,19.805443836320574,14.759970437582387,-0.022431802153036737,0.999748375468631
52,25063.268099928624,19.96613412676935,14.598221772810502,-0.0778733834585903,0.9969632571708505
53,24459.657494118743,20.05001849214392,14.810229822765464,-0.1127541252046175,0.9936229200503285
54,25185.74194227888,20.183129213792732,14.625120299017677,-0.1428520789847868,0.9897440495045798
55,21625.160245085015,20.36593790139526,14.76137367966213,-0.15665699389876117,0.9876530697884777
56,26283.967617537277,20.56295364208551,14.876129062630735,-0.21350225719687302,0.9769425705597233
57,27041.422125891462,20.775501397887965,14.793621781113643,-0.2674065086511742,0.9635838101229126
58,24418.546295012377,20.848737399678555,15.009539561858372,-0.2998651751402929,0.9539815914041955
59,27061.52418072203,21.028940497030707,14.869858340125848,-0.3411900052296822,0.9399943512231174
60,26338.83482752767,21.010680317098238,15.097125948528,-0.3613430620489783,0.9324329420977512
61,27429.807569827757,21.181166953801775,14.945738014049995,-0.38267047420330713,0.9238848998511753
62,25951.27057091885,21.157557359347557,15.172512322669176,-0.3918793794805134,0.9200166041642769
63,27432.268695522398,21.327298702867317,15.020289209115068,-0.41692806818357575,0.9089394842126244
64,23148.980220369216,21.38595507091251,15.240614946349162,-0.4212770615378218,0.9069319916190289
65,28061.573225415927,21.5913559399851,15.33958202665481,-0.4553176726116977,0.8903290498503723
66,27110.86997658292,21.747794435591732,15.505446420339329,-0.49800095211183115,0.8671764824392493
67,26596.052963873986,21.971996036303295,15.46400197272119,-0.5360136869752781,0.8442092912158505
68,22022.999360587048,21.97515510263386,15.691980086363529,-0.5511041454223325,0.8344364690605993
69,23536.092691638547,22.16203340618555,15.561364238697013,-0.5835581722323323,0.812071338997295
70,20235.010328858763,22.1374583037223,15.788035949192436,-0.5854222928195403,0.8107285236562929
71,22532.60331539774,22.335475454810297,15.675017331810194,-0.6139867479207998,0.7893163328967926
72,17745.826705588057,22.411777692847426,15.889870696853716,-0.6180702404455644,0.7861228770844685
73,18375.786104276132,22.637338743192412,15.856610922842659,-0.6466239953597804,0.7628088939078743
74,15029.281755082766,22.651540955434093,16.084168162163763,-0.6627090251872496,0.7488769911910537
75,16760.32245043415,22.879042345763107,16.099238576835106,-0.6899341566530792,0.7238721292351326
76,14307.5669461627,22.851887722082562,16.325615754158193,-0.7112027029172086,0.7029869951594104
77,15051.486980651416,23.075013568184552,16.278723784682906,-0.7357544544621754,0.6772483907246047
78,12442.378128934874,23.081017189941402,16.506644728270373,-0.7471281287944737,0.6646800427002968
79,13551.949216422074,23.300108244085916,16.56975661299779,-0.7709490926624719,0.6368967706959356
80,10649.47942981816,23.447046978544392,16.74409251955677,-0.7908434988348102,0.6120184313815358
81,10230.304922468897,23.515639232729473,16.96153010293602,-0.8172525109704261,0.5762797352957446
82,10012.144590212765,23.72769843752747,17.04528506494092,-0.8428277050701872,0.5381834813203779
83,8460.089727674762,23.643321525315137,17.257097568550865,-0.8603358516045159,0.5097275963138868
84,9606.588065996379,23.86827591745527,17.294239478260288,-0.8791667476426986,0.4765142493560497
85,6536.5057516639135,24.0,17.471575564776014,-0.8874124264173292,0.46097633934954646
86,5578.765994902227,24.0,17.657672341161412,-0.9008361190978575,0.43415928704648327
87,5543.749428554209,24.0,17.71061880493783,-0.9146364667654239,0.40427729798105366
88,5234.359621348865,24.0,17.720005744568024,-0.922415600002351,0.38619873235460356
89,4832.801310026046,24.0,17.717162127397206,-0.9251704142029642,0.37955197889553355
90,4410.244631424591,24.0,17.699263344293254,-0.9258157262939256,0.3779751856231452
91,4371.131711816862,24.0,17.68101083688454,-0.9255225968929375,0.3786923852423668
92,3944.3678883235953,24.0,17.651914269345973,-0.9242015676589,0.38190504361271743
93,3884.944558846108,24.0,17.623233344021635,-0.9221859657470448,0.3867467447557773
94,3457.527589232288,24.0,17.583950640558303,-0.9199092500434032,0.39213131943850577
95,3067.6795645141706,24.0,17.536447272473364,-0.91715382878342,0.39853337921422993
96,2669.63082506115,24.0,17.48266398873229,-0.913639923455463,0.4065244030415588
97,2342.4753392136363,24.0,17.423496107669653,-0.9097051422104262,0.4152548063971183
98,2238.931077519064,24.0,17.361971164550365,-0.9052731281119059,0.42483004074392505
99,1756.5711848540109,24.0,17.28948136838803,-0.9014353706390286,0.4329137010546991
100,1325.8509259479454,24.0,17.211166203662177,-0.8971376781588295,0.4417510457574319
101,986.7598980710355,24.0,17.12653449681742,-0.892441520038615,0.4511630894822474
102,983.354626905614,24.0,17.0397242183082,-0.8869172418855537,0.46192835596672616
103,800.5351943469939,24.0,16.94836612276466,-0.8824709792658469,0.4703668469966573
104,656.2854783842566,24.0,16.850846635601982,-0.8780709742518809,0.478530421369794
105,523.4020483932833,24.0,16.748612928112262,-0.8740597513628371,0.4858184342401338
106,468.17585756137896,24.0,16.643416854985468,-0.869916917426141,0.49319829356537787
107,318.57117397630805,24.0,16.531558402604354,-0.866715504593655,0.4988028008110679
108,273.106212002855,24.0,16.416276968085658,-0.8634829544575954,0.50437802029944
109,205.79663089814665,24.0,16.296609189049864,-0.8607261482274505,0.5090682643394078
110,180.88925107885862,24.0,16.173630380308598,-0.8580036990125715,0.5136435071922403
111,133.80979329339905,24.0,16.046398943218747,-0.8558247110877717,0.5172659508333525
112,111.91589047274448,24.0,15.916168457719916,-0.8537652719944049,0.5206581031121285
113,78.6492206623769,24.0,15.78154925806119,-0.8521921785618208,0.5232289086031635
114,63.846005294481664,24.0,15.643700407439516,-0.8507621005578466,0.5255509949133389
115,44.87032899508652,24.0,15.502580516642727,-0.849707976749437,0.5272535957661911
116,30.720979764718344,24.0,15.357834107527095,-0.8489425691322994,0.5284851126711624
117,18.315710845996435,24.0,15.20895222166057,-0.8484646754395719,0.5292520141966602
118,14.050779472570502,24.0,15.058199987427018,-0.8480798083108317,0.529868510798163
119,8.97302105182571,24.0,14.903955370399995,-0.8478339906715956,0.5302617507060796
120,6.045734619810068,24.0,14.747507284708178,-0.8476689383442414,0.5305255610866894
121,4.476815094209665,24.0,14.589267578719083,-0.8475467975332815,0.5307206666327198
122,2.894229053895416,24.0,14.428798840902402,-0.847468004348722,0.5308464764931518
123,1.8720976833451992,24.0,14.265793829952276,-0.8474171459755975,0.5309276605212551
124,1.2734037475616586,24.0,14.102652552428394,-0.8473824954565239,0.5309829624327642
125,0.8002402943974487,24.0,13.937427748180287,-0.8473607366703373,0.5310176851570044
126,0.46640332953300184,24.0,13.770179849347922,-0.8473480954112493,0.5310378566570642
127,0.2984958945975221,24.0,13.600780481929219,-0.8473400064525548,0.5310507635480666
128,0.19682710097623068,24.0,13.421976611712045,-0.8473347138839508,0.531059208231251
129,0.11897962883611136,24.0,13.234677958665591,-0.8473315296439929,0.531064288830619
130,0.07743338437148074,24.0,13.008033306650322,-0.8473308053680031,0.5310654444363813
131,0.03510796035289727,23.968209844093828,12.782260442941103,-0.8473315808627885,0.5310642071092417
132,0.0221158016405311,23.904892013729757,12.563228818836302,-0.8473336261164638,0.5310609438212572
133,0.013802284175381138,23.838808287165943,12.345015755333131,-0.8473360558380325,0.5310570670623324
134,0.016083815003716185,23.769738973228666,12.127729239708637,-0.8473481181962751,0.5310378203002412
135,0.013627511935985824,23.700196080801803,11.910593830083892,-0.8473619629614346,0.5310157283227535
136,0.034637863907960115,23.62939821000748,11.693864363949288,-0.847393812404229,0.5309649015697993
137,0.29753362388458915,23.555312611853008,11.478236619570012,-0.8475327767466363,0.530743056798802
138,0.2811567568413706,23.481647114802286,11.262464993668296,-0.8476780148957844,0.5305110583789392
139,2.6784050183045127,23.4033466785588,11.04833176018017,-0.8482686145460601,0.5295661975391819
140,6.428486952640436,23.323292084472854,10.834848126227275,-0.8494546137328058,0.5276616901083968
141,8.541436483001089,23.244567444707457,10.620870484652722,-0.8506996993273054,0.5256519966331643
142,42.11004089035868,23.160387715613663,10.408979538150291,-0.8548974791354034,0.5187969739386812
143,53.99435945290654,23.07833601107731,10.196255496766438,-0.8592576026407802,0.5115431284887121
144,109.54640334805644,22.99443468170382,9.984254159673107,-0.8669540321275928,0.49838810798183036
145,268.96250287873255,22.909031871916994,9.772853213410997,-0.879955589286287,0.47505595552926533
146,933.5180485007713,22.815771497566793,9.564799127711964,-0.9121887523051228,0.4097702773115976
147,1100.164566975637,22.727905521731337,9.354410035099056,-0.9414831075738803,0.33706016992968646
148,3044.9640221366026,22.631407352910454,9.147837763450084,-0.9869619052423193,0.16095402325027813
149,5391.574562793227,22.534350049245855,8.941527609057825,-0.9944119370995577,-0.10556940538766622
150,8649.562338685177,22.43892213674004,8.734458747287682,-0.9047892682544404,-0.4258595778558873
151,9193.419215643782,22.372309237367272,8.516406639668531,-0.7477648699728004,-0.6639636279455077
152,17200.3041740279,22.29375881749849,8.302364981250275,-0.6226340392392022,-0.7825131648609341
153,25606.37312271809,22.2330785418672,8.082588039444929,-0.6217569281557114,-0.783210266972014
154,29195.968011420842,22.451727292377964,8.017960460965755,-0.6457488430374455,-0.763549888164356
155,31529.006727128868,22.37214878607161,7.8042989030428345,-0.6847765164289475,-0.7287531286707697
156,32028.661063301395,22.594196462640216,7.8560563115027255,-0.7056121486598392,-0.7085982611209577
157,32188.89954308643,22.500379017816098,7.648252829706405,-0.7256948850019778,-0.6880166668635044
158,32411.778256877442,22.723080573642726,7.6971201708700026,-0.7423349114366381,-0.6700290137466874
159,32699.165862117487,22.616525820104844,7.495551114468776,-0.7602753187756974,-0.6496009849596225
160,32944.96773461068,22.840200099877435,7.539753111801623,-0.7754269124604268,-0.631437331357665
161,33055.77248085014,22.721261870317978,7.345233967372953,-0.7910210183391235,-0.6117889738674079
162,33225.67778343871,22.945369848381084,7.38718172259854,-0.8047182061569729,-0.5936569789697613
163,33313.774624663376,22.814758971697763,7.200299944749509,-0.8183480099955481,-0.5747230067922513
164,33504.75147628884,23.03949897289358,7.238717803389788,-0.8306836755316436,-0.5567446732616657
165,33474.60741594701,22.897117293359997,7.060640692751737,-0.8426845208957316,-0.5384076506168268
166,37506.46475281173,23.11113134612576,6.98201509120381,-0.8561450612492465,-0.5167355552877351
167,35062.74151176942,22.982381410659805,6.793846405930429,-0.8746026205561704,-0.4848404439774797
168,36110.94818129168,23.207489034425766,6.8300480318945,-0.8890453111997055,-0.4578192161037135
169,35835.94408242089,23.040576295290418,6.674728562688818,-0.8972012675437715,-0.4416218807054852
170,35944.19392423144,23.265914887062213,6.709463545894588,-0.9047904488191236,-0.4258570695969352
171,35719.54365184195,23.09100657994135,6.56320663460451,-0.9114406013130675,-0.4114316836098963
172,35845.778133986496,23.3165380512117,6.596666393519224,-0.9177877005947214,-0.3970714502920777
173,35762.60295599717,23.135368475893568,6.458241016586208,-0.9233858031427652,-0.3838732324015186
174,35712.045399815775,23.361107545195605,6.490270262450726,-0.9291501671291479,-0.36970253843309836
175,35779.126676767286,23.172868272246973,6.361623551961221,-0.9338910239976542,-0.35755776497876957
176,39796.11228446361,23.398525182678902,6.32902050341793,-0.9395912705286811,-0.34229847260293017
177,31909.003568018048,23.33372537735116,6.11042273300504,-0.945553065734883,-0.3254679705890646
178,37943.30295398212,23.37054288635875,5.885415019736191,-0.9604929900943315,-0.2783041788756508
179,38821.89663560209,23.50571206182111,5.701803217270158,-0.9741417960187139,-0.2259375162504767
180,32628.622615856042,23.67387381819127,5.547836910259494,-0.9829028095641901,-0.18412513937760214
181,32448.767046267967,23.453416063366895,5.489678692114546,-0.9895485496566023,-0.14420009664530326
182,38941.23640444759,23.315791781237206,5.307899823792927,-0.9910139612235697,-0.13375847135777716
183,35877.16622961995,23.54376532806067,5.311372855426804,-0.9952401258087892,-0.09745302447900506
184,32186.855678269654,23.76386798065219,5.25188485392922,-0.9963361138929543,-0.08552396244729348
185,31972.562709078888,23.538249111770728,5.219019583435127,-0.9971908729628262,-0.07490235563476506
186,31779.938614127197,23.762927263398367,5.1802416492303776,-0.9975109939095369,-0.07051111280931525
187,28650.01380725358,23.53769520840743,5.144822425572042,-0.9983579996400355,-0.05728267237783901
188,31563.53663531702,23.763567739636322,5.113748326449875,-0.9986640276202565,-0.05167359032704633
189,31875.52616292501,23.536826896716224,5.08981947039941,-0.9990804211674736,-0.04287554127732391
190,32100.20541920826,23.76332512766055,5.063693786119554,-0.9994220508695117,-0.033993591098602866
191,31164.52316104018,23.536908360540412,5.03687126634858,-0.9993585878720297,-0.03581079231772078
192,30788.60186836055,23.76292873641387,5.006891444967837,-0.9994745900728067,-0.032412093403467124
193,27717.58882017872,23.536898809663086,4.976983716651639,-0.9997766939698978,-0.021132018233509565
194,32142.85317535397,23.763832450418775,4.954958215672835,-0.9999776498755641,-0.006685787114728798
195,27975.201848587356,23.537178234214927,4.930222284782346,-0.9999772558639267,-0.006744461049688898
196,31023.90188618977,23.76312512525984,4.899693569985651,-0.9999818253051073,-0.0060290181178965134
197,28057.435925078567,23.536004140333457,4.879692114886854,-0.9999911452650648,0.004208252780429976
198,33649.43739686168,23.742452832786526,4.78292984236074,-0.9999939925870742,0.003466235676128179
199,25667.666443118796,23.533522615107547,4.6916491536001175,-0.9999115020950211,0.013303682876507992
200,33563.180341370804,23.741683191963922,4.59862671414156,-0.9990296966454719,0.04404163053811841
201,29916.782802623067,23.513714918625727,4.59482324845847,-0.9981298130598446,0.06112999493799794
202,29698.714265369985,23.738941833866612,4.55937135639224,-0.9977446654939216,0.06712363576581916
203,29745.71699912029,23.510949541714492,4.557496597948409,-0.9974022197366434,0.07203340936271484
204,29653.309037009876,23.735995563203897,4.520913976230015,-0.9970831175291406,0.07632336954282123
205,29586.530191024052,23.507995846555314,4.521273431603757,-0.9967180044536763,0.08095195857964911
206,28078.44512865852,23.732623056459953,4.482201490642792,-0.9970925401803589,0.07620017268142797
207,28129.96953233818,23.50493037556125,4.470367511381292,-0.9968001726188915,0.0799338217962092
208,30193.072130597968,23.724796810816553,4.410012307395831,-0.9966259303203485,0.08207773762171969
209,28245.133727950495,23.496868131113338,4.404309942206801,-0.9954032515953294,0.09577247367300067
210,27963.17254051529,23.720819727074506,4.361535152126119,-0.994566346362485,0.10410467176441975
211,28045.855049873273,23.492821093717,4.360745730115823,-0.9940277039127011,0.10912801589895911
212,27948.180331195854,23.7165296967754,4.31671777402359,-0.9933414149922161,0.1152077829890919
213,23693.530838322724,23.557811845976147,4.153033187584711,-0.9934499834078366,0.11426780153205414
214,32604.573942456318,23.330257500775428,4.167281695586326,-0.9864196855858834,0.1642443420293279
215,32665.645831319405,23.55352486958263,4.1210682557023635,-0.9844546239282846,0.17563909993569135
216,29487.2432879258,23.775179367228265,4.067652118875915,-0.9828308816339518,0.18450869385107288
217,24032.14711951083,23.549225268678697,4.098127442478011,-0.9839149477464868,0.17863755372549242
218,28580.566489424826,23.683126862714353,3.9135891995181575,-0.9859885757802742,0.1668128545130334
219,26780.57216916023,23.457753694873375,3.9480991287751475,-0.9791931100761282,0.20293066101365603
220,28882.44866397357,23.67189776913818,3.869828345865623,-0.9785970334524009,0.2057859230320685
221,28865.173283754477,23.447036993693555,3.907532876978497,-0.9767650156626686,0.21431309847395436
222,24436.171317852823,23.666721280352334,3.846518008337955,-0.9765525642237217,0.21527909631005482
223,24246.193866327987,23.439872654683665,3.8694025234570417,-0.9759934263445053,0.2177999810200005
224,28447.25273303876,23.661395965143797,3.8154449204451897,-0.9704216172884752,0.2414164134834662
225,24395.24018460346,23.434691680046736,3.8397176854016335,-0.9741479114645359,0.22591114755426014
226,24293.788153044312,23.65327428469977,3.774866741359961,-0.9734157074391749,0.22904554243794062
227,21898.376312061104,23.425602069908688,3.7626453415987444,-0.9712572502267696,0.2380322538689545
228,28152.33095370305,23.646478170570234,3.706096706278774,-0.9642158407786693,0.26511848745699335
229,23897.793620391643,23.420913828921343,3.73933415167552,-0.968415391079196,0.24934239575517014
230,27906.969205222773,23.641288674505272,3.6808625565727757,-0.9627371671775382,0.2704388044178735
231,23644.61071612519,23.41586479787144,3.7150396811354733,-0.9668043060707608,0.2555179715069664
232,30799.10613295267,23.62912762736361,3.6343987141460237,-0.9626991561387211,0.2705740836994451
233,23393.361168559586,23.404114721002152,3.6711844718624302,-0.9645011704503951,0.2640785720194234
234,30680.105240305682,23.617966408574947,3.592118324098249,-0.959907942823825,0.2803154317973457
235,21572.472875583564,23.393278846256226,3.630841693518672,-0.9596238326793538,0.2812865083038779
236,28352.588852492867,23.60414050736634,3.5441159195302894,-0.9596352926272058,0.2812474091334834
237,23501.75000312386,23.38964926157278,3.621430248589834,-0.9539957926426385,0.2998199920287905
238,28059.239430811085,23.60100405898815,3.535913293490225,-0.9581042758455851,0.28641961630867196
239,23500.289220935767,23.386898024978066,3.614288073875707,-0.9531670361761267,0.30244437694759424
240,30546.559744957074,23.60164840403307,3.537696464049753,-0.9548922250549783,0.2969525863324863
241,23368.133610014193,23.3777828793934,3.580919454203198,-0.9581403912382277,0.2862987786873289
242,27645.25492640249,23.59722787016905,3.5190494612867966,-0.9512623881965117,0.3083826661838651
243,23040.33237385135,23.37360890842778,3.563530467904865,-0.956586637927328,0.29144811568938117
244,27642.332117358706,23.59304029435085,3.501612240605627,-0.949808738246542,0.3128312016895244
245,21073.278601697915,23.369923810969027,3.5485487385931163,-0.9527887385376786,0.3036340226584946
246,30313.985348561488,23.584726331478066,3.4721034824749992,-0.950666222802621,0.310215623111083
247,23241.39444248179,23.371525658388812,3.5529086369782155,-0.9483581384421789,0.3172015782597637
248,30430.699668023488,23.587194680701845,3.478943288236119,-0.9502027434470969,0.311632389756923
249,23082.440496718234,23.36441642217383,3.527459754793613,-0.9540581151531945,0.2996216162267569
250,23140.075831879847,23.57859099710019,3.4492724703087783,-0.9535160478143482,0.30134224158007705
251,25551.490014100043,23.36135383815846,3.5184968646717905,-0.9497577690055279,0.3129859105673003
252,25256.112786362202,23.57679999718014,3.443884851143099,-0.9489511934615195,0.31542294213953065
253,25551.612179302545,23.359706934990385,3.513559827634487,-0.9486533755802067,0.316317519274983
254,30285.665016609255,23.574997901194546,3.4385011847552134,-0.9477667335745631,0.3189642906806388
255,25551.68795030704,23.358049841780637,3.50862635510466,-0.9480962155041517,0.3179835941470963
256,27612.610028106763,23.57693250403764,3.444795483551097,-0.9449366969876216,0.3272531721559376
257,23161.027000358095,23.354907227417083,3.4966488975328773,-0.9510724721726117,0.30896788291904487
258,25306.004929737803,23.570139865477437,3.4214231604904177,-0.9476084774652607,0.3194341456951191
259,20383.767130581502,23.342315874826696,3.412466080387416,-0.9533431805896667,0.3018886881338516
260,32996.37131822889,23.12138412597498,3.468796909862244,-0.9440479055123657,0.3298083566220168
261,32898.95985710459,23.334345940512407,3.3873643270165092,-0.9411695805634311,0.3379346395711086
262,27081.758248891674,23.552410661326164,3.320792729946749,-0.9352862961881266,0.35389199505314595
263,22958.73715981664,23.333535307000293,3.384648655816823,-0.9416018193672999,0.33672839762067996
264,25135.889203142757,23.547376926356673,3.3055552816882594,-0.9383168647128236,0.34577660620044354
265,25397.66468010922,23.33361321167143,3.3848589656125623,-0.9377901956939295,0.3472024609076689
266,25056.687511161843,23.547456883668836,3.3057711413494943,-0.9377089791886104,0.34742174708710183
267,22874.343459170213,23.329012853255705,3.3710873382447986,-0.9409099555213145,0.3386568404755441
268,25012.677835579107,23.542861228484693,3.2920122320992964,-0.9369483242043618,0.34946793525392034
269,20703.79762146324,23.328987321314944,3.3710182561224458,-0.9368125802680416,0.3498316587325023
270,25076.382724983236,23.54258677417675,3.2912732014974955,-0.9367267905963853,0.35006130860035883
271,25049.586346116186,23.328740012640427,3.3703526715287633,-0.9369278105837827,0.3495229287967808
272,24866.570553432357,23.542252047925793,3.29037385690701,-0.9367522267436282,0.3499932366358728
273,24993.530873003212,23.328621423356182,3.3700353673496233,-0.9367150919630535,0.35009261130256375
274,27019.226972484717,23.536899488019476,3.277276282726537,-0.9395243639304817,0.3424820719118358
275,19610.248556090355,23.309154672625677,3.2880604869737438,-0.9430165842926725,0.3327457313760474
276,24789.25452767428,23.521267467971605,3.204441338146838,-0.9322617930637167,0.361784396006273
277,24525.22373033543,23.308432625568038,3.28620520461026,-0.9312708880115459,0.3643275080778097
278,24459.817454183896,23.519985582427545,3.20117964113668,-0.9308164924401685,0.36548687719449163
279,22034.563643201065,23.31246428607419,3.2956196303352328,-0.927625644606205,0.37351126284079134
280,26911.77405904635,23.513175270968382,3.1874572498935927,-0.9340456513489965,0.35715363808314876
281,21810.06012215738,23.29498155532943,3.2536048307689875,-0.9338146630236845,0.35775714545199866
282,24443.97724942261,23.506033427749813,3.1673429785523224,-0.9286405495685213,0.3709807672873009
283,26860.849169609453,23.292073690650156,3.2461162665390835,-0.930088270882735,0.36733609728199035
284,26549.5467881617,23.49653169714829,3.1452157037120654,-0.9298799624752975,0.3678630932656051
285,22114.318589009374,23.29254301575748,3.2470617535345303,-0.9223020477483661,0.3864698341645448
286,26356.411382834925,23.496958709636708,3.146075496569167,-0.9287905010715265,0.3706051876583792
287,22147.147727917727,23.292907190123064,3.2477955898849546,-0.9221878858314836,0.386742166340391
288,26553.674333433,23.497310622882658,3.146784517837904,-0.9288392091266146,0.370483094876197
289,22147.62602928282,23.293225613167873,3.2484374017601834,-0.9222528405877519,0.3865872450402661
290,26552.880832821942,23.49761893497263,3.147405872020115,-0.9289004495581461,0.3703295219269915
291,22156.735234179097,23.293581462553636,3.2491541390759635,-0.9222432306522111,0.3866101699595763
292,26639.758329833345,23.49798648262891,3.148146279144044,-0.9288954279773521,0.37034211734931216
293,19895.129499509352,23.28598059024699,3.2320360973304343,-0.9260944222497965,0.37729182482239865
294,26602.854003100194,23.502550073809466,3.160750342866573,-0.9213928858215403,0.38863240981350716
295,24499.89786214285,23.291527411813995,3.2470836280139923,-0.9253374883908958,0.37914447454555966
296,26756.459065671428,23.508719151125245,3.1777168609352704,-0.9222916495607449,0.38649464828186175
297,21719.93507161297,23.29120689891704,3.2460719641779208,-0.9301897173191355,0.36707913287702265
298,21557.106989920456,23.500625121530724,3.1559164982464276,-0.9305518962401323,0.36616003113924644
299,19073.083657490974,23.272897199340964,3.1670517330950307,-0.9336961912184552,0.3580662264220826
300,28985.35500470628,23.13222993935839,2.987617282754539,-0.9272435900957051,0.37445870884041155
301,24952.289829012934,23.33348430318223,2.8804693427749957,-0.9087145786668381,0.4174180332931854
302,25138.5555673567,23.12251390610688,2.966930267809768,-0.9046122784011349,0.426235411205953
303,24868.18492715324,23.323418447927857,2.8591278324212124,-0.9027956717086857,0.43006973288533457
304,24905.459868045185,23.11320905513923,2.9474228559697484,-0.9015753231898478,0.43262216380477037
305,22679.515606898436,23.317148495030224,2.845478239353924,-0.8960725332164181,0.4439076651907594
306,22767.275257467314,23.112829052994897,2.9466590952821683,-0.8950964572811917,0.44587255147929866
307,22679.702958407746,23.31675338336557,2.844684257783535,-0.8948674828642496,0.44633192593875926
308,18022.037313192995,23.519316003013007,2.7400306141701045,-0.8952455384043452,0.44557314322916075
309,20210.88961256311,23.317782564273937,2.8466527182105255,-0.8915408106703655,0.45294037456295233
310,20159.09396604314,23.52166766080042,2.9487059759458156,-0.8911667111259539,0.4536759779632933
311,19598.44598718407,23.32114910003422,3.057224669212234,-0.9016328411365871,0.43250227720090184
312,21173.594657874877,23.51406394348886,2.935701571922579,-0.9166966235738291,0.39958390899577223
313,19610.190349893775,23.304554268398498,3.025644309503391,-0.9128936244305462,0.40819753854483337
314,26471.417853339302,23.083851572017565,3.0828659820600928,-0.9151274837410703,0.40316459232146984
315,29155.495252665725,23.28438283041082,2.9743707544820186,-0.9139621363450386,0.4057994742820808
316,24251.92232443978,23.173166006469085,2.77533603873546,-0.9065567745152983,0.42208389519196154
317,24123.875455088484,23.380093581372698,2.6796021432516293,-0.8854878395281651,0.46466255072659185
318,19919.433072973687,23.191684051055443,2.8079993740848206,-0.8733531438519799,0.48708755488501526
319,22181.37782081318,23.402622898598043,2.7214615060882044,-0.8784421381599512,0.47784873119531585
320,22255.70148050112,23.2045272517165,2.8343424818395775,-0.8812349964002011,0.4726784119457303
321,22065.558348587336,23.41528545627876,2.7473655928995093,-0.8823502082386347,0.4705933595167251
322,22254.320584227495,23.21622858915863,2.8585427652521047,-0.8845400367203528,0.46646427884539765
323,22066.42564169839,23.426804092908913,2.771124476431547,-0.8855012582684533,0.464636978301325
324,22254.824672265524,23.226856656180534,2.880691910214357,-0.887511357450843,0.4607858400556184
325,26918.548765543404,23.034992120797746,3.0038665831887448,-0.8891340509512913,0.4576468501355019
326,29161.534064088453,23.238863027456382,2.901784981427284,-0.8955431885225761,0.444974603197551
327,29222.658203380895,23.03330289858816,3.0004208441734495,-0.8965153082093624,0.4430127561891101
328,29066.996059257945,23.236995116084792,2.8979831532032567,-0.8963984792187182,0.44324910203447593
329,29349.401260494742,23.031567614419558,2.996894939960857,-0.8962846119389517,0.44347930549400244
330,29409.9535077839,23.235191829745883,2.8943221417503238,-0.8960226274398924,0.4440083908167859
331,24426.22950200666,23.430915692781323,3.01126729743659,-0.8874423569002454,0.46091871645588184
332,21509.68807868281,23.220108631274485,3.09812570416186,-0.9093402464182064,0.4160532613068615
333,23959.756655874502,23.429508902566692,3.007928551309068,-0.9087555533765291,0.4173288202452814
334,21421.72261663427,23.218422649652062,3.094106238853241,-0.912810030065257,0.4083844377694439
335,23953.478137514743,23.427748340767945,3.0037361384944496,-0.9090218291279322,0.41674850229953864
336,21421.950054562207,23.216852519051887,3.090378809175295,-0.912479781883131,0.4091218005124069
337,23953.215280637596,23.426130086053323,2.999897319632077,-0.9086023966206017,0.41766216593713495
338,24064.784404450984,23.221538556751625,3.100526868662133,-0.9084158358105736,0.4180677806870279
339,23953.439880700556,23.430955898179644,3.0103693558902056,-0.9089250709142289,0.41695948899571056
340,24064.449879065414,23.22594079001094,3.1101331039281344,-0.9094485295815758,0.4158165124690331
341,24055.047165936347,23.43548994452459,3.0202823841613213,-0.9100407375378746,0.41451882468896545
342,24062.008448540553,23.230120583646677,3.119314831432898,-0.9104943526783215,0.4135215033597221
343,23951.124418927022,23.439798984416107,3.029766139366658,-0.9110521319370845,0.41229117489086897
344,21398.408724409186,23.227678617034584,3.1133660780145282,-0.9152561838450324,0.40287233453468635
345,23950.639990923388,23.43728058863493,3.023638637946023,-0.9112820833943458,0.41178266656630974
346,19621.639280295632,23.243662346206126,3.1440378746495026,-0.9110170552400946,0.412368676140255
347,29043.63007320156,23.461333845183454,3.076191588583402,-0.9140187166295908,0.40567201733764646
348,19634.710283009248,23.261604938428263,3.1861568731343763,-0.9160017755192458,0.4011742105938383
349,28829.516378105494,23.478390772763138,3.1155317923787957,-0.9183416101944286,0.3957886898150379
350,19607.470040184096,23.274124136073286,3.216819210824601,-0.9202432801015445,0.3913467841032429
351,26166.69453001374,23.490413087917176,3.144686767983173,-0.9180173620942458,0.396540190766992
352,19516.599576540844,23.286522031079123,3.2467281171582125,-0.9222893575032342,0.38650011777006194
353,28828.45384699643,23.50107100959441,3.169574142419078,-0.9246242097197925,0.3808806516483202
354,19601.544441509857,23.295231481783595,3.2676256023297903,-0.9254079245681096,0.37897252294400435
355,28827.902164819614,23.508975167260786,3.188267950407451,-0.9269145148775394,0.3752725437723043
356,24216.41256146872,23.297991987757932,3.2746976788975157,-0.9273994661408181,0.3740724932439237
357,26449.318409396343,23.504775914297362,3.1786538986463406,-0.9311066353484535,0.3647470817019406
358,24223.246733837896,23.294048475094325,3.2657052993641353,-0.9273879163967894,0.37410112606248797
359,24086.028245146663,23.5058973270456,3.1814196901124534,-0.9268820653987182,0.3753526832756181
360,24223.1596019308,23.29507701839873,3.268245938805104,-0.9269074715927694,0.37528994005368604
361,24086.14572914391,23.506956985565317,3.184038578595408,-0.9270236502199332,0.3750028692329048
362,21504.25964408399,23.28997827692257,3.2540688577304118,-0.9304934342960453,0.36630857037742265
363,25042.40147631018,23.500514704699267,3.166556501008469,-0.9276420101277562,0.37347061604112325
364,25218.466945674278,23.2887626058497,3.2510848905163985,-0.9268809353179365,0.3753554738433253
365,27417.188934808397,23.505097626797657,3.1790907330350597,-0.9233499580474182,0.38395944443890345
366,18051.64336497549,23.727487112012383,3.1288222850191443,-0.9233560805701713,0.38394472059671725
367,15949.415717494392,23.514642717301946,3.2105612820789804,-0.9293439665544073,0.3692151023846679
368,20543.68443046948,23.337299192279502,3.3538556439101916,-0.9235449693746653,0.3834901426930665
369,24623.532246084113,23.554871297668605,3.285691291374915,-0.927410206512837,0.37404586464204775
370,25086.032927308934,23.340341741033793,3.36289925294671,-0.9358223797440436,0.35247194721026376
371,27349.183142693466,23.557840267441204,3.2945004882604625,-0.9337965538963865,0.35780441016179915
372,17965.400172578502,23.780346355725378,3.244750707592849,-0.9342775212019515,0.35654664965013655
373,16118.453181238923,23.57136100073704,3.335905089826495,-0.9330323818071558,0.35979240472703994
374,20056.91417035548,23.352435421415088,3.3995886098183155,-0.9402659924876633,0.3404406899464127
375,24784.652506436523,23.570958643059342,3.334537848083986,-0.9336707400526975,0.3581325860201053
376,20102.13406117938,23.352020119719747,3.39817685340209,-0.9403580447508293,0.3401863425718283
377,27081.489700047314,23.569850993847854,3.3308440213171076,-0.9373732852131883,0.3483264620562653
378,20000.606709528915,23.377694225115903,3.453562301253292,-0.9346496803947202,0.3555699297438511
379,24492.926524103164,23.590950017984035,3.372902727685217,-0.9438576624357332,0.3303524073793827
380,24607.069606014666,23.37415349938899,3.4434950043524815,-0.944903824450056,0.32734807550932365
381,24511.70526509292,23.587239424842075,3.362387739734559,-0.94477266073807,0.3277264400714527
382,22282.481489854283,23.37448940302,3.4443720566171607,-0.9414033154747332,0.33728296371619465
383,22580.870847558006,23.590091013575886,3.37021043901272,-0.9411374166101464,0.3380242048380259
384,22519.44407897326,23.376913758304468,3.4510773533531607,-0.9412995770577867,0.33757237184170147
385,24846.928320707575,23.59556660915808,3.386463648819302,-0.9391187012059139,0.3435928768838458
386,20522.00781599988,23.37534089471827,3.4454944433207744,-0.9455801767127839,0.3253891968210073
387,25037.627093502193,23.593977522000625,3.380825863542057,-0.9394119375412886,0.3427903318428363
388,20522.166734714174,23.37394357736169,3.440567500669196,-0.9452471631670314,0.32635532862921
389,24845.63368670218,23.586010998441818,3.3568333444578613,-0.9452013929371816,0.32648786622110704
390,20305.10791646099,23.366746425943926,3.419339722110995,-0.9446209736572453,0.3281633985179302
391,25170.123127986964,23.585613521186808,3.355455493854375,-0.9369886034843338,0.34935992463429166
392,20823.59968094183,23.383863997763477,3.461668156933967,-0.9365996102945816,0.35040144120142797
393,27611.261940654233,23.602861535186257,3.3982325312748958,-0.9418066932863038,0.33615495308133997
394,18625.431994853298,23.413958697308658,3.525902879601318,-0.9437879486686375,0.33055152086754247
395,27603.2926673966,23.632892353636635,3.46224713259554,-0.9477337814033208,0.31906218764836797
396,18688.944699149597,23.416751352477174,3.5348216985107883,-0.9493090881711477,0.3143441666639674
397,25006.085138514427,23.629400082958597,3.4525750121055663,-0.9522343428392401,0.3053682306945509
398,18629.268740037493,23.41397391272789,3.5272447193483956,-0.9496245343411496,0.3133899229033292
399,27604.153981204003,23.632840638896734,3.4633592266592736,-0.948682274088141,0.3162308378873784
400,18688.576345276306,23.416595107992023,3.5356217367439604,-0.9495646700517706,0.31357126365384946
401,27605.009905343584,23.635250622383943,3.471017046310483,-0.949285030036571,0.3144168121275744
402,18688.60058088755,23.418187468682778,3.540785142925653,-0.9501855408290797,0.3116848376154177
403,27794.23103669126,23.637453157271562,3.4782826805126725,-0.9497209524387077,0.31309760858063734
404,18692.26062140187,23.4197143621995,3.545912682143363,-0.9507026925860756,0.31010383794720364
405,27794.556174108817,23.638821149661545,3.4828554407823447,-0.9501562997756189,0.3117739661945882
406,18692.26091498064,23.420596817258957,3.5489019452125197,-0.9510851509545345,0.308928852057865
407,28044.877331471045,23.63809169435051,3.480491577292664,-0.9506863746722051,0.3101538602252434
408,18766.32928386233,23.418241663502627,3.5409065086936424,-0.9513304660484582,0.30817258860583835
409,27902.988241229785,23.635662752636232,3.472261989611955,-0.950272962957117,0.3114182009335702
410,20621.17879470544,23.413836550567424,3.5249605292096295,-0.9533882197160485,0.30174642086802606
411,23883.718777607108,23.61670370172067,3.4208984372502305,-0.9579250246081885,0.28701854858075165
412,22601.11356512981,23.39461405425622,3.472475452374381,-0.9542667444692642,0.29895648579689976
413,22442.50652158927,23.609896543160147,3.397392498441212,-0.9469367387956795,0.32141999427385237
414,22593.47031676615,23.394069376154693,3.4708951105199692,-0.9455505253029641,0.3254753509857365
415,22390.790415242576,23.60933323146488,3.395758750500372,-0.9452381630485034,0.3263813951754771
416,19924.6866295141,23.386952187001857,3.4460645261482545,-0.9481791430926718,0.31773623117933303
417,22433.73456647514,23.6019440583739,3.370153425221268,-0.9438469197669496,0.3303830989116146
418,22587.16809667963,23.386968159885733,3.446109748652602,-0.9430726836237494,0.33258670058001316
419,24793.32990218917,23.60529394457764,3.380399386161864,-0.9397168316896112,0.3419536170875214
420,22587.96561245381,23.390036734051108,3.4555547806211906,-0.9430445215331593,0.33266654536681994
421,22433.85461241271,23.60514279262951,3.3799678534256445,-0.943620726712369,0.3310285850479094
422,27341.34350317738,23.39001919652757,3.455504853631964,-0.9435665195038145,0.3311830661000916
423,27048.70793910771,23.605219116723084,3.3801855709226545,-0.94355905229783,0.3312043399879007
424,19520.429111082296,23.382915684433282,3.430833216397767,-0.9470221666596048,0.3211682049259354
425,22346.712610427676,23.59770039690219,3.3543379401406797,-0.9426402853995852,0.33381026398507957
426,24872.70441605748,23.386335099686207,3.439828940443627,-0.938898624525287,0.34419380131624105
427,24658.09545618286,23.60447498265601,3.373504047244161,-0.9388089358156959,0.3444383573770502
428,19634.64632794378,23.382591375991318,3.4259603632934925,-0.9456355001707922,0.32522838255099357
429,26076.865340218596,23.574602024317898,3.303013582411657,-0.9477564326169569,0.3189948971898763
430,22687.903543927077,23.361254452271957,3.383430082597271,-0.9392127542536892,0.34333569905734995
431,24416.715322299522,23.571985414543366,3.296387210745718,-0.9407696606556157,0.3390463767538558
432,20485.27999558506,23.368879925655087,3.3999833515206164,-0.9341398563686513,0.35690717104529546
433,24414.611703803854,23.579681244782456,3.3131110092351683,-0.9412825051614008,0.33761997197600396
434,24585.146175413218,23.362976474834998,3.383984436427725,-0.9416460895502583,0.33660457815470535
435,27102.073566358093,23.57827973302664,3.3089610599903634,-0.9380452153389987,0.3465128770761799
436,17744.345381496387,23.79874031361386,3.250813554393418,-0.9380574906125718,0.34647964486480964
437,15547.679810506108,23.581677813616448,3.3205836847851096,-0.9426517598879041,0.3337778596315776
438,19854.84964821424,23.360740521100166,3.376892767316926,-0.9430829734689493,0.33255752157027657
439,26900.773665653087,23.575233824271084,3.2995841462269793,-0.9379847984221311,0.3466763879023118
440,17724.851419623596,23.797264566965932,3.2477541423839016,-0.9374793908748871,0.34804079026006485
441,18043.84891460285,23.583038817030655,3.3258011030208667,-0.9391376918705173,0.3435409665645675
442,17717.06007312228,23.797071020732098,3.2472249248324108,-0.9394737137626284,0.3426209876073775
443,18043.80611558462,23.58285834017969,3.3253077493878296,-0.9395079591646617,0.34252707143560535
444,17648.897012697238,23.800737098774547,3.2581300257499692,-0.9392960146961123,0.3431078500646708
445,17975.277392215718,23.586432984863816,3.335961553814991,-0.9399850317565882,0.3412156797006345
446,22231.985074162883,23.37218733752617,3.41395387777622,-0.9401710133408757,0.34070289942058135
447,22093.721351359138,23.586647487540723,3.3365533347824177,-0.9402294188908472,0.3405416859243225
448,22232.292375411744,23.37238315820653,3.4144943199889712,-0.9402575668916631,0.34046395977103033
449,27043.804067824458,23.58705206039675,3.337674645214557,-0.9401957461369411,0.34063464143566
450,20173.90701302672,23.38252778340907,3.438440810779526,-0.9372077382505747,0.3487716378423601
451,24256.552269272106,23.59376204313864,3.3526265490481517,-0.944780071015289,0.32770507687911343
452,24347.6608434518,23.375793285878643,3.4195116808678074,-0.9453316727689156,0.3261104543861233
453,24311.897187726303,23.586598519790577,3.3326488386662394,-0.9448603939436693,0.3274734125949985
454,19761.86113655322,23.364861497888306,3.3857213656261664,-0.9445086924959457,0.32848642254985067
455,26990.465871885237,23.578849604442546,3.3070251760530316,-0.9390629931395456,0.34374510166080624
456,17582.849446086617,23.78874535083901,3.2179871187703686,-0.938502599693792,0.3452721685395362
457,15936.154268446693,23.578123191789114,3.3052929382623075,-0.9344401435809476,0.3561202297882248
458,17548.04041876301,23.786410080344652,3.212553669040189,-0.9376085943794804,0.3476925707370447
459,17868.263327887355,23.57269485833554,3.291987943013061,-0.9372753348934505,0.34858994047500863
460,17549.295110664407,23.784703600053582,3.2081053260108936,-0.9371980501788784,0.34879767020567776
461,17861.34806533793,23.571150763925036,3.2879751337072554,-0.9367795790969569,0.3499200197001143
462,22290.920375923928,23.357435780376125,3.367410049246259,-0.936870102374423,0.3496775818907154
463,22221.405937222902,23.570961634435903,3.2874681350332366,-0.9368332254543554,0.34977636810509183
464,22292.472174164675,23.357276158212272,3.3669823931954035,-0.9368138609532378,0.34982822917238626
465,22222.01194047741,23.570796285454396,3.2870251842489497,-0.9367892173336031,0.34989421585315683
466,19573.140930966165,23.35001126373105,3.343928384357746,-0.9401378057716218,0.34079452190274506
467,26748.138029741935,23.564167107793192,3.265689810405816,-0.9352750502735833,0.3539217149819242
468,19574.002893498106,23.344133523229942,3.3254327737090144,-0.9383208994250644,0.3457656572046136
469,24277.28705230073,23.560633897635103,3.2539374040517726,-0.9302983969687318,0.36680361584560195
470,21029.476060144123,23.34575921616115,3.330179592251395,-0.9343578950323009,0.3563359706664595
471,21066.44310837689,23.558050827727378,3.247015467422155,-0.9347217138192679,0.35538052523284175
472,18395.916392385436,23.332421527700255,3.2798090486427234,-0.9379573546720551,0.3467506320348968
473,22601.361731905974,23.540730608250314,3.187119637379141,-0.9348808145643951,0.35496177619486463
474,18097.05784417712,23.315275497963565,3.2210901134663277,-0.9340988308492476,0.3570145294047127
475,25079.53842183107,23.52527452948211,3.132295931442542,-0.9262431993141486,0.37692643277473975
476,20488.86245719258,23.326683412785435,3.244302932871772,-0.9183984790799449,0.39565671183949847
477,22722.897260459245,23.53949620549844,3.162481693222823,-0.9228618924646432,0.38513105228814926
478,25008.026041936675,23.32699610637748,3.2451116386033036,-0.9274199183186955,0.3740217842662968
479,24814.63151308821,23.535968611899328,3.1539278026677575,-0.9279512491363582,0.3727015954168597
480,24908.15451196188,23.323682285632948,3.2371054179276566,-0.9275795867333472,0.37362562850478126
481,24680.67577739021,23.532603486626016,3.145804093864888,-0.9273375771982371,0.37422589156297537
482,24804.048278118993,23.32054828871322,3.2295692001930245,-0.926815006141791,0.375518234431288
483,25010.785712648507,23.52949104684626,3.138317220358295,-0.9264951040671868,0.3763068191509861
484,20336.984157870695,23.331051163492642,3.250591940106784,-0.9194331043727797,0.3932464450995495
485,27015.804569331605,23.552271762383185,3.195406374724985,-0.9243305453511117,0.38159277106742545
486,20028.701834270825,23.336930262392233,3.270319914099698,-0.9305427297781717,0.36618332574953305
487,22609.332992820873,23.54969544340269,3.1883749462884485,-0.9277169483552028,0.37328442739352247
488,22507.563088833034,23.339718240339984,3.277220735124851,-0.9273972334178829,0.37407802855668615
489,24668.75745740287,23.55794567618378,3.211184485647456,-0.9243341632365156,0.3815840073612237
490,17916.200043852237,23.359229270890694,3.3229690564405376,-0.9287099653469876,0.3708069582211168
491,26998.778558328242,23.577218266335915,3.2561499134889575,-0.9319620834876914,0.3625557542520617
492,17859.561942392666,23.37376453780495,3.3590604588516575,-0.933361897464755,0.3589367191595092
493,26975.438109536233,23.59132578050475,3.29086144364676,-0.9353787567084024,0.3536475385163074
494,17858.341703137205,23.381477699623165,3.380011782683217,-0.9366756645172107,0.3501980860902036
495,26975.387549183826,23.598160257662492,3.3090704756644325,-0.9375500825911921,0.3478503164196475
496,17858.95655181177,23.385686113526443,3.391767138678443,-0.9384598461766784,0.3453883569462711
497,27072.38119929686,23.60186234909969,3.3192975921545362,-0.9387435342754946,0.3446165649761387
498,17896.63023633182,23.388575780908095,3.3998757519067384,-0.9393547719777268,0.34294695269483433
499,26974.099543676057,23.604603170149318,3.3269637014786992,-0.9394378393068316,0.3427193400999014
500,19806.06169694618,23.38483792438653,3.3876863229209766,-0.9431450591407547,0.33238140353873935
501,26975.27772743273,23.60126185985895,3.315959897144768,-0.9391622988681977,0.34347369096424535
502,19748.7276579687,23.381828423747223,3.377870858340672,-0.9423409089410508,0.33465446558525713
503,27012.708996997808,23.598068456332246,3.3055918966185454,-0.9384371934270958,0.3454499008433429
504,18051.894198957852,23.384569913076135,3.38560672041713,-0.938478522728207,0.3453376063765461
505,22434.19197496386,23.598789094117084,3.3075417316312152,-0.9384842043773272,0.3453221657152279
506,20495.78560431992,23.391678711015295,3.40287949545768,-0.9352160667260832,0.35407754593788376
507,24451.61995950931,23.60055275940526,3.3114703498037232,-0.9422493993987648,0.33491203223035565
508,24673.939911577418,23.384061041863657,3.3829919286165935,-0.9421560028124188,0.3351746803750627
509,24447.871652599435,23.593036956745326,3.291815906552848,-0.9417548861428738,0.3363000660511723
510,21499.2726102377,23.37279878989094,3.350800225321649,-0.9440975967320484,0.3296660853724118
511,24388.92598872665,23.581510162474306,3.2590202549884264,-0.9398330606986176,0.3416340410700733
512,24619.35963815967,23.366163847709878,3.333919952700634,-0.9381356341083732,0.34626800605323144
513,26211.10493979653,23.526845939545904,3.1721631433750312,-0.9403615964867622,0.3401765245469884
514,17281.938110566076,23.36902646495893,3.0076121985552224,-0.935406244540595,0.3535748261322639
515,23044.65513118425,23.15176989508279,3.076775648770293,-0.918454854780542,0.3955258268811954
516,26029.22601769718,23.3581186053939,2.979800343908996,-0.9093326227791041,0.416069923389898
517,20191.550339069734,23.288607402413458,2.76265478751833,-0.9150223663780944,0.4034031098390694
518,20877.17595284197,23.091597161688725,2.8774196124847893,-0.8898826128056286,0.4561895827682037
519,28057.806006671508,23.303047057940297,2.7921380706647745,-0.8826446943856177,0.4700407891586851
520,20823.032510754118,23.10317660481698,2.9018458733420696,-0.8868868456299236,0.4619867130650016
521,25258.555147107392,23.31292479261372,2.8124607643138737,-0.8798532587548077,0.47524545558957787
522,20592.879773484805,23.112893049915336,2.921874209159775,-0.8882183849265711,0.4594214847810597
523,30690.898114181226,23.30767145850695,2.80336103880931,-0.8913961476902574,0.45322500800702625
524,20697.28386360605,23.106839971234983,2.911299510727947,-0.8896954241536056,0.4565545446495259
525,23067.883373897686,23.311986960306246,2.811807235274044,-0.8855038925727309,0.4646319578317246
526,23272.381813252465,23.11774881233247,2.9312038092270534,-0.8851999616242099,0.46521073497985527
527,23271.141520389243,23.32337796794246,2.8327119295459218,-0.8867060574106024,0.4623336108821695
528,23272.539332322056,23.12793658427785,2.950128561891016,-0.8876503246047787,0.4605180791554561
529,23187.194438293132,23.333930058840306,2.8524009381723974,-0.8892574123628042,0.45740709937408014
530,25708.177448729155,23.129739347861232,2.953841332246256,-0.8944810259186905,0.447105909457085
531,25503.554950111382,23.33385516318145,2.8522503191783537,-0.8952728630786195,0.4455182382742724
532,22617.132743175498,23.122489481072826,2.9377403678785163,-0.8994381593456098,0.4370480494327613
533,25483.910549403186,23.32619680937456,2.835332729510237,-0.894607417763773,0.44685296024758986
534,25572.314016032324,23.12236170222915,2.937485796498059,-0.8938992828872384,0.4482678574844298
535,28327.03981683945,23.33362338964762,2.8517390797731577,-0.89002629427816,0.4559091965440993
536,21603.3146304171,23.15489653468339,2.9933042990701164,-0.8878183311835255,0.4601941012382709
537,26188.25488694282,23.357722826907708,2.8891625918508836,-0.9002538217732101,0.4353654285571248
538,26312.99475587353,23.150579995586632,2.98442983402934,-0.901649737956625,0.432467050817458
539,28241.23311447368,23.337064496968374,2.853252355991364,-0.9051945238822298,0.4249974987380789
540,23394.631876283438,23.12505670764624,2.937137380082335,-0.9028196857794833,0.43001931929744175
541,28953.44955718434,23.336727979150282,2.852406790447522,-0.8928252509621285,0.450403231831669
542,19398.800729974737,23.4290557085433,3.060876429448337,-0.8925411869550791,0.450965885171837
543,21515.507517386995,23.21311955086093,3.1340582291349803,-0.9147651952278538,0.4039859373786995
544,26777.88873038639,23.426598191958508,3.053990321736752,-0.9096075072384808,0.41546863031448833
545,21386.338866924136,23.209778283870907,3.1245107262795786,-0.917193891145307,0.3984411701189154
546,26898.124237068543,23.423219725341696,3.044343706484201,-0.9091304858736239,0.41651141599623476
547,21305.794754028044,23.20695648650814,3.1165532039843233,-0.9162904042339434,0.4005145379493692
548,24282.81877759864,23.415745813468273,3.0249507097631816,-0.9121619143083871,0.40983001608625336
549,24511.284765504402,23.209183328851324,3.1214698267756793,-0.911682041105657,0.4108964053449762
550,29342.12700738147,23.41973079226226,3.033984024206231,-0.9120745896414888,0.410024319925428
551,21152.508976025165,23.202969887948907,3.104685582613782,-0.9163057940657386,0.40047932750837006
552,26376.098365987662,23.407294352305993,3.0035148691380456,-0.9151345180211927,0.40314862510756433
553,24188.916677194433,23.201336456228045,3.101317451124132,-0.9103931182259797,0.41374432961283847
554,26345.282711762356,23.405807289632346,3.000442884027414,-0.9137369061989056,0.40630636993536356
555,24172.96940838267,23.199876970786647,3.098303518503742,-0.9099703497456754,0.4146733203182153
556,24059.485635219695,23.408200552306305,3.0056467034126624,-0.9096378582243037,0.415402174868045
557,24188.88959218197,23.20215703417246,3.103268773842602,-0.9096696412868144,0.41533257002204693
558,26589.23822562054,23.41496617077696,3.0214380254796147,-0.9062633019387486,0.4227136472354266
559,19214.325334767425,23.63671084979004,2.9683975001297767,-0.910453303711985,0.41361187333045957
560,17594.349059253553,23.43203641238346,3.068858311754515,-0.9103702488208976,0.4137946472125723
561,19213.651803954595,23.64403676924984,2.9849545055921727,-0.9153410711029182,0.4026794302570749
562,18942.55688829885,23.434724953622844,3.075356739186977,-0.9171755296463214,0.3984834348100179
563,17028.020262899012,23.648093818308386,2.9949967517379825,-0.9135649036384048,0.4066929638439203
564,13219.134441826549,23.44761241665465,3.1035840787653703,-0.9132620001113163,0.4073727030038684
565,21711.7081203236,23.252289786424267,3.221198151562317,-0.9151877277129746,0.40302781919312
566,29031.41781419121,23.462682962676016,3.1333419543608687,-0.9216345997003681,0.3880588417175187
567,20602.391841813052,23.239438922007146,3.1796679546828974,-0.9266054011541891,0.3760351453679353
568,26008.73042541127,23.452468998312657,3.0984141142243216,-0.9164519088059484,0.40014484733148015
569,20603.79044055101,23.23146416806055,3.154457534937532,-0.9228961652173518,0.38504891666787777
570,26010.314045665702,23.444398540325636,3.072953221505206,-0.9136106233809551,0.40659024686465683
571,20610.383130535574,23.22487078020832,3.1345288866487904,-0.920371997033489,0.39104397077130254
572,25951.290867552627,23.437746255814037,3.0528708687593054,-0.9113460158673792,0.4116411536309928
573,21279.574049325485,23.243638153509064,3.1724787473441305,-0.9109342031072285,0.4125516665938927
574,23678.131955157318,23.45313429909451,3.0825045011131094,-0.9170746792236928,0.39871547841381944
575,23954.412608537066,23.244271225186345,3.173938719858781,-0.9178929294553432,0.39682813667365935
576,23678.486883869162,23.45378952761126,3.0840160811687296,-0.9183563839743858,0.3957544087101122
577,23783.902875671756,23.244459521788393,3.174376186647856,-0.9185253147869771,0.39536217079468394
578,23682.515735630812,23.4539770490153,3.084451741780392,-0.9185757697157645,0.39524493075951145
579,23958.462345636835,23.244988522708184,3.1755988529358206,-0.9183846197290372,0.39568888061853813
580,23852.418200036875,23.45471080547026,3.0861529804035266,-0.9184388898157545,0.39556289724139265
581,23958.469063456378,23.245660174279678,3.177157560501563,-0.9185112804464671,0.3953947744882217
582,23852.22147948207,23.455405758306682,3.0877663417987726,-0.9186034642707003,0.39518056054146733
583,18841.213381327325,23.66631649709241,3.001159989463289,-0.9187254612898955,0.39489685587209833
584,16493.73405526501,23.453550142530045,3.083101910152529,-0.9228224669881633,0.38522551112547065
585,23903.15083497137,23.24424545969967,3.173520656799869,-0.9192149406316815,0.39375613381824826
586,23586.238664951128,23.45375810625504,3.083584841168034,-0.9185544997802028,0.3952943598554644
587,23672.34153422753,23.24448967612953,3.1740874607588747,-0.918465843416645,0.3955003090731422
588,23512.19640359308,23.45401091369763,3.084171661213236,-0.9184812847959984,0.39546444780724865
589,18428.658106591094,23.66280952998111,2.992590343041328,-0.9186667268529982,0.3950334732313181
590,14948.014233620599,23.453485143601426,3.0829634655212343,-0.9184814072416908,0.3954641634223302
591,23343.38526370723,23.244352807357135,3.173780126641346,-0.918324511674973,0.3958283608547048
592,23259.560571635026,23.453893498139028,3.0839096703909923,-0.9183494945749882,0.39577039532267183
593,21142.97163865629,23.25851158129981,3.2014252292427146,-0.9147944149165887,0.4039197673268988
594,23284.060478346277,23.468519242425728,3.1126514590827106,-0.9202377116918109,0.3913598778365243
595,21076.755956349407,23.270077530593145,3.224922947025797,-0.9178280745517268,0.39697811723654214
596,25985.030465715903,23.484159614329727,3.1464827696738578,-0.9194618216681468,0.3931792956078602
597,21080.61033444345,23.28310951635522,3.25401350065083,-0.9206008622839694,0.3905048685509721
598,26058.546274688157,23.497451526019567,3.176286395384721,-0.9225722668296527,0.38582432851855814
599,21048.592423669783,23.294434411274512,3.2800556158722705,-0.9236270126482753,0.3832925012394878
600,25304.92396839061,23.500606143344108,3.182704617441733,-0.9322591899968955,0.36179110363071737
601,20513.851121744236,23.279441042571,3.238112181907448,-0.9327068956188898,0.3606353377928648
602,28543.851976260445,23.488841045679308,3.1479144064457367,-0.9263541522637002,0.37665366662731603
603,18885.20402722103,23.269080793892357,3.0871737138703645,-0.9255643949566899,0.3785902148609452
604,27428.324639126517,23.289882827741035,3.3142227732997274,-0.9142573510446205,0.40513392361153056
605,23984.35684028195,23.50157215528508,3.229537304629173,-0.9293804065301475,0.3691233668543048
606,24017.03408007802,23.287988965947683,3.3093259080288226,-0.9315783181898746,0.3635406952165393
607,28848.03890162403,23.49703118127374,3.218301997919586,-0.9316704526707317,0.3633045108725102
608,21468.25112972789,23.29380147635926,3.3216542453086615,-0.9278937496889429,0.37284472543968405
609,25943.392219892747,23.501370017061625,3.2273181392267896,-0.9352929714299478,0.3538743528340798
610,21511.157165419885,23.297936610808048,3.3302688518035692,-0.929068686825459,0.36990725210573705
611,25883.536276887382,23.5058860486641,3.2367753691678645,-0.9359501494159114,0.3521325287563378
612,21511.251710599317,23.30168025904061,3.338185405575739,-0.9299685516517476,0.36763907972188037
613,26347.029714908887,23.517164124675705,3.263682361000668,-0.930134781641608,0.3672183110637568
614,21556.776646735067,23.313173472513,3.3655244634447694,-0.9304597716244196,0.3663940684408426
615,26021.11875562645,23.52155276755833,3.272993012594737,-0.9386906238777122,0.34476065994262073
616,21588.515413040353,23.317101757154248,3.37390775059048,-0.9326402803857643,0.3608075766970019
617,26053.180334763267,23.525536512425933,3.2815012962984067,-0.9395697379016889,0.3423575727501173
618,19205.663611788863,23.703312379094935,3.1387436652236174,-0.9370847715226917,0.3491018919746279
619,19318.200328110066,23.490753609409772,3.2212225681620614,-0.9320460020504205,0.3623399647593785
620,24432.85975905452,23.278309676929453,3.303996812660566,-0.9305857304345927,0.3660740339214402
621,26786.843002644244,23.493341642826575,3.228199361236271,-0.9268452598667933,0.3754435566932217
622,21700.29266161494,23.272461862209113,3.2847336208881144,-0.9333123536228745,0.35906552406897924
623,29245.818884749817,23.483228894397296,3.1977781257047435,-0.9291582114236253,0.3696823205727448
624,21794.84902009853,23.263621920312595,3.259070677726681,-0.9313547925605038,0.36411296375518004
625,26625.710102955993,23.470589158526,3.1634225606186317,-0.9301241467557436,0.36724524724208474
626,24744.883996381577,23.259809366589394,3.2503471216538298,-0.9258086835194127,0.37799243579740077
627,27027.914751112774,23.47444992145053,3.173448277651443,-0.9216173778429366,0.38809974086297694
628,21658.07620665281,23.254580252272046,3.2337916996238705,-0.9284919880094896,0.37135243125929007
629,27013.046483505048,23.46918350270236,3.156788810686223,-0.9205819196646294,0.3905495220667742
630,22275.999705080623,23.27098347238225,3.269486405962732,-0.9198981450115931,0.3921573699476143
631,26750.71262520934,23.477912440304905,3.173755521528998,-0.9292750739564573,0.36938846344088905
632,19471.172066097755,23.685336372681988,3.079101877768038,-0.9268738542577528,0.37537295892668937
633,19525.53980053893,23.47427685871718,3.165345031495959,-0.9257193833727189,0.37821108292596783
634,24783.48645167595,23.263473660211876,3.2522128132100887,-0.9252559296686527,0.3793434652303862
635,26927.313437059736,23.478261723089528,3.175726944938459,-0.9218681534659371,0.3875036872409134
636,21463.973729800386,23.258031625509755,3.2347413848663567,-0.9291670919114331,0.3696599996061924
637,26925.009030017536,23.472798107426684,3.158194939847491,-0.9209519960235204,0.38967604624905255
638,24364.70347776395,23.26184730603722,3.244703664223386,-0.9241836209819999,0.38194847127406995
639,27012.87042701562,23.476662248180265,3.168293320472808,-0.9210644328901981,0.38941020847514746
640,24799.890227199485,23.26574195462767,3.2548764006194935,-0.9247893943389645,0.38047940301437005
641,27011.709950269797,23.480622082995076,3.178649565234516,-0.9220030121798586,0.38718270303729674
642,24697.721588052704,23.269355564398843,3.264384378001724,-0.9257935142696274,0.37802958738211645
643,24798.70808272535,23.48058615273373,3.1785610795816637,-0.9264024825110339,0.3765347797978209
644,19311.355254685397,23.687417080082177,3.082618557766876,-0.9266240411895805,0.3759892103365344
645,17095.174361802794,23.473206616075696,3.1607074629335377,-0.929396796484209,0.36908209748630433
646,21562.539383472293,23.25361208365857,3.2220445751292006,-0.9293015960304529,0.36932173455572953
647,29550.92537975559,23.465054185080227,3.136743709093775,-0.9232853149848463,0.3841148619011414
648,24449.6628710137,23.254844945146385,3.225039096552212,-0.9227741791324684,0.3853411661455329
649,26314.799225055838,23.460876695537337,3.127392192705543,-0.9263697162971408,0.37661538567556524
650,19185.078739326415,23.67256012473592,3.0426919813555817,-0.9228160492000184,0.38524088482256064
651,17730.527047480984,23.465518963187908,3.1381799775899237,-0.9188773923641352,0.39454320143944566
652,21395.120858853865,23.246915304403263,3.202959915579753,-0.9256612987005454,0.3783532213263419
653,23108.352661627167,23.452934043844404,3.1052855637821417,-0.9283588781566794,0.37168507280717095
654,23143.96098542896,23.234539305186072,3.1707663863667683,-0.9277424540110221,0.37322103239984566
655,23129.044818687624,23.440004344265983,3.0719325980355965,-0.9257988263197964,0.3780165779233594
656,23167.97317054622,23.222664125350104,3.140832737669693,-0.9244448607041841,0.3813157477965234
657,28775.48478305906,23.433844722933415,3.0548865032882215,-0.9154014931987577,0.4025420552557019
658,19512.86814092505,23.61214276810599,3.1969914190639916,-0.9141636750914045,0.4053452542504687
659,21966.51795103906,23.399767616584377,3.2799419767243956,-0.9284257946301994,0.3715178917162442
660,21820.42837743625,23.61198642627285,3.196592250783592,-0.9308899929462704,0.3652996318537603
661,17638.90147191709,23.399883125888106,3.2802354810290786,-0.9311777165611387,0.3645655773382665
662,26169.727664791488,23.187434392346276,3.3629974023242735,-0.9313887553591684,0.36402607927248715
663,31965.44946704114,23.399836632690068,3.280116232587487,-0.9313043845078847,0.3642418748529474
664,28986.369589743543,23.18183381369113,3.3468902612851505,-0.9345486713733805,0.3558353282548675
665,29307.273164335344,23.395654927233387,3.26774146847345,-0.9270877875210947,0.37484427997402053
666,26853.36986311221,23.18435252485426,3.353387803764626,-0.9296560141695134,0.36842868416893604
667,29306.584208650886,23.398408843888145,3.2748773440687144,-0.9269010517350165,0.3753057957086732
668,24290.35896816501,23.625257557054887,3.251993696313331,-0.9266006072549227,0.37604695801828864
669,22136.307665327848,23.41190020672136,3.3323842496057154,-0.9340182945696666,0.3572251746576264
670,24365.143508518955,23.636122499641925,3.291051897175158,-0.9319440729006513,0.3626020476849869
671,22333.024679531514,23.42198734203221,3.3693470711992495,-0.9375047033697637,0.3479726011621771
672,24140.912186850932,23.614020618631045,3.2464356369113214,-0.9416107181965406,0.3367035125706221
673,19461.788876747698,23.396594701774237,3.3150648630396695,-0.9394904505084061,0.34257509162738653
674,21950.232351679475,23.609362086778862,3.2331256179961967,-0.9349716051382575,0.35472256424590526
675,22216.863571792514,23.39646331001413,3.3147228658179286,-0.9339937939307292,0.35728922863540474
676,22191.5002668767,23.609526307571567,3.233555390362298,-0.9336152790484862,0.3582771423454433
677,22322.352638379503,23.396667206356728,3.3152560820974992,-0.9337010997330674,0.3580534266799587
678,22091.92230545578,23.609604420480533,3.2337591935606196,-0.9337556987083501,0.35791101565847483
679,22214.581542895732,23.396721239035998,3.315397120151467,-0.9337725944200228,0.3578669332448861
680,21909.25753125368,23.60965957506724,3.2339031630242983,-0.9337793907456305,0.3578491992707528
681,19527.542830942795,23.392699427096716,3.3039909236719884,-0.9369939689714115,0.3493455339791845
682,21908.924247424588,23.605567216052247,3.2223128701619856,-0.9334420253233728,0.35872828904367104
683,22058.26049654607,23.393007053272818,3.304788182826942,-0.932849909578222,0.36026524422972467
684,22091.152280050443,23.605880845035664,3.2231257754383007,-0.9327632077808626,0.3604896644986581
685,20118.65835510265,23.39830925060542,3.3174551620878825,-0.9293737041141743,0.3691402417795968
686,27064.23618727494,23.18469189674257,3.3971522519258115,-0.9334217810429526,0.3587809619734611
687,26951.71768961726,23.397577977294834,3.315521885596268,-0.9339017999643082,0.35752961838626096
688,27013.656092416077,23.184056408685134,3.395475245365908,-0.9339618781273564,0.35737264893220483
689,28796.78990618371,23.39798955694303,3.3166297757657808,-0.9311269139808258,0.36469531126756183
690,29032.08778818016,23.192071517142956,3.414516245131543,-0.9309687373092094,0.36509890461749744
691,29298.3567586219,23.406343636404337,3.3365966782228638,-0.9324406203931503,0.36132324785548603
692,26254.835679116,23.178351820730906,3.338528513084479,-0.9361415826890912,0.3516232887059149
693,28678.632570611124,23.391497211936123,3.257577650161502,-0.9273853763789649,0.37410742264548236
694,28811.55228601753,23.18560634788546,3.3555212671075383,-0.9264868334315939,0.37632718142315735
695,26223.025952573775,23.397612920449106,3.271633167893072,-0.9306601369967912,0.36588483079394507
696,28040.661540742476,23.178098366325287,3.333255895257424,-0.9341400648048689,0.35690662550078195
697,30108.005319906988,23.384199435379834,3.2357553858506933,-0.936273662738586,0.35127144555467704
698,26167.147776390662,23.16953016529288,3.3125740325475332,-0.9293507077282347,0.36919813385908296
699,29425.760426905243,23.382077114404883,3.230064672937974,-0.9249974379675684,0.37997334084568957
700,26513.987826711604,23.16508651546198,3.3000581009894727,-0.9281708992175473,0.37215424469659075
701,26441.221427979744,23.375688743774475,3.2127042148148393,-0.9273593877185817,0.37417184021545136
702,21662.93905508286,23.5847379951082,3.1216964650524717,-0.9271800776150688,0.3746159415637767
703,21947.747004750105,23.37266161223204,3.205407920816691,-0.9267038264989389,0.37579251981941414
704,21735.21299861133,23.581698604665416,3.1143720169413074,-0.9264357604542283,0.37645289446568975
705,21937.427418563082,23.369791986808792,3.1985122885629664,-0.9260469315686961,0.37740837369115515
706,21644.31314731848,23.578855410660022,3.1075371006950565,-0.9256991312656072,0.37826064872532034
707,21489.976745199656,23.373512638698028,3.206624668043158,-0.919459776111905,0.39318407916934467
708,21998.239002660743,23.576293520198284,3.1023945663547368,-0.9277410554111867,0.3732245089815747
709,22055.457990096027,23.362720458728774,3.1822102754259505,-0.9276970446034474,0.37333389001539835
710,21939.71737182941,23.565575821781536,3.078125205984018,-0.9272266545358401,0.37450064234694386
711,22052.57026940777,23.352691988520803,3.159761432845725,-0.925569240638235,0.37857836808824785
712,21936.662752488566,23.55580775837937,3.056185450906078,-0.924846744334647,0.38033997882631826
713,22053.102790841436,23.34353232764207,3.139390868429784,-0.9233342536772706,0.38399720830526574
714,22599.833230791563,23.560777442572135,3.070191446184922,-0.9153171543955879,0.40273379156604583
715,22901.31819858139,23.354454453009044,3.1672214620446986,-0.9157887993793591,0.40166014854763976
716,22497.04569004717,23.556792231149277,3.0621337675354274,-0.9236863850404058,0.3831493991786849
717,20372.860709686363,23.34774288848777,3.1531413075131165,-0.9200432928004249,0.3918167165562895
718,22150.33934894567,23.55077350881926,3.049398513990814,-0.9231370193995105,0.38447112169080766
719,20328.651945439226,23.342156027535008,3.141391701252786,-0.9188613851484464,0.3945804796021703
720,27596.731177814392,23.12550209937566,3.2124203955468804,-0.9217549735707126,0.3877728313041733
721,27117.688695172223,23.33346836040549,3.1189643402413383,-0.9208418618652942,0.38993623252585613
722,24177.483577352246,23.35451858825838,2.891938156933462,-0.923991102013932,0.3824139686244209
723,22588.805623389417,23.15425488239562,3.000926450406266,-0.9015635823799623,0.4326466305499315
724,22518.689112046744,23.36043257118413,2.9035880682241686,-0.8982616055137588,0.4394611337306686
725,18343.316419194347,23.5711341335307,2.816474053136378,-0.8987132504225923,0.4385367641542257
726,18472.844072070857,23.36654072532901,2.9170997820550677,-0.8999009951561426,0.4360942546250572
727,23112.267087180095,23.163169493068057,3.0201732601600644,-0.9004562677669913,0.4349465597508966
728,27999.867430498733,23.37003772916667,2.924311208787015,-0.9015869284064684,0.43259797795018623
729,18353.808684304935,23.579393361284556,2.83401049284013,-0.9016185766751306,0.43253201291269927
730,18536.606704112754,23.374059910704524,2.933117374906405,-0.9022600996533755,0.4311921991101888
731,20444.199898951767,23.15585135214443,2.999215975278319,-0.9067114562619176,0.4217515086913061
732,28559.083698162816,23.363163431194728,2.904317598686078,-0.9007205297227863,0.43439904159183307
733,18626.971918791463,23.574920371479987,2.8198013384693312,-0.8998997920490065,0.43609673728446424
734,18776.434282584443,23.369831188923985,2.919412719337738,-0.9010445130102347,0.43372662539224993
735,18626.297866060944,23.580620018292205,2.8325100760317006,-0.9013570867050908,0.43307667017112694
736,14653.11878080308,23.37587445078736,2.932825840431513,-0.9019518330875426,0.43183664827110485
737,23844.80460245584,23.17091681688558,3.032707612068698,-0.9028404448744746,0.42997573315114057
738,26150.57322697764,23.381068863040518,2.9442761838494684,-0.8995413172729473,0.4368356882385535
739,23663.09513998779,23.175938681112278,3.0438031071520966,-0.9033175429751997,0.4289725125847202
740,23580.2237533536,23.382740081792235,2.9477969579906613,-0.9041633664496918,0.4271868522910794
741,23715.946817792636,23.17715922474578,3.0463896109423105,-0.9046485357142328,0.42615845272632413
742,23634.624691267392,23.38392851719299,2.9503143295173797,-0.9049347213162637,0.42555040847854453
743,23717.570496591106,23.17821190398731,3.0486234087073716,-0.9050678685778109,0.42526715517192093
744,23621.9602079455,23.38501979369891,2.952631238437937,-0.9052320398117267,0.42491758506597527
745,18821.93103095677,23.596223342676627,2.866741420070352,-0.9052281216446736,0.4249259321148287
746,16364.442448627382,23.385852766088203,2.9546517181352185,-0.9104611083514976,0.4135946931228237
747,20983.7140532939,23.169782920923748,3.027437856998387,-0.9102698316340503,0.4140154992472114
748,23661.348936810464,23.376178970540085,2.9305633469208083,-0.9042641626118061,0.4269734467340672
749,14659.460599219185,23.5825740431334,2.8336867552734932,-0.9030626899389127,0.4295087636361979
750,12958.347957959955,23.38798884138987,2.9525168830291673,-0.8984302777461906,0.43911619877761615
751,23486.034515215022,23.18235739277751,3.0510039752879132,-0.9041338179369033,0.4272493876681846
752,23451.284171007006,23.38931448755395,2.9553339124589604,-0.9051503105392184,0.42509165521185754
753,23583.00835261177,23.18364698006393,3.0537456818914985,-0.9054250168716743,0.4245062294277062
754,23564.98991160064,23.3906514786564,2.9581782315620107,-0.9056427540851905,0.42404150972869525
755,21876.43577052049,23.192730095691562,3.0713644770394772,-0.9031450918898729,0.42933546673345424
756,25746.3397590048,23.395679650170482,2.967463185725039,-0.911605869183991,0.4110653710412739
757,20476.562330922923,23.177088945661666,3.032286822635807,-0.9122721710502452,0.4095845284276156
758,25587.361469530464,23.37935608128404,2.927063223347816,-0.9093902038677144,0.41594405526397044
759,25864.11355881407,23.16973075015711,3.0167360762628688,-0.9080974193478398,0.41875897240989757
760,25599.04434136568,23.37173723083913,2.911012938953837,-0.9072882436625581,0.4205092661425077
761,21230.046774488943,23.182118451660635,3.037617514632828,-0.8986567998241509,0.4386524320345392
762,23322.388395708935,23.388806962879187,2.9413685700658405,-0.9038273005133712,0.4278974302875776
763,18789.38488585281,23.601536317848847,2.8593306426530156,-0.9050091490736973,0.42539210158735
764,16422.863686258228,23.391259378955848,2.947464682443499,-0.910515491150235,0.4134749573740186
765,23649.70080898011,23.185056903109764,3.044750544494189,-0.9066854805620241,0.4218073486059855
766,28299.045964403595,23.39146366987876,2.947898871137614,-0.9062561999997354,0.4227288728748483
767,18815.41378098571,23.591164356425477,2.8378823460481075,-0.906279341293384,0.4226792584748272
768,18911.764118934796,23.384909902447326,2.9350579613750742,-0.9050493901529587,0.425306479357836
769,18809.3661345079,23.593133274475086,2.842176169072231,-0.9048879250770641,0.425649906671816
770,16553.422878794256,23.383317519992545,2.9314025618656263,-0.9091053784469707,0.41656621427906304
771,21007.54993474495,23.191173889827848,3.0541414122233377,-0.9012294652979788,0.43334218682089953
772,28454.795175982956,23.397444371149184,2.9569998220805758,-0.9064831332740833,0.42224202667380284
773,18788.72906770444,23.59033672041171,2.835441023156007,-0.9070431202547655,0.4210377393993308
774,18919.78517578368,23.384029237376417,2.932504004995855,-0.9051098622183603,0.4251777714263301
775,16287.966983929738,23.5824287689246,2.8201579953583913,-0.908774918843318,0.41728664833819046
776,12655.355727970944,23.370148932781984,2.9033521728425407,-0.9083280743122836,0.4182584242022375
777,20495.208616663607,23.15423893723726,2.9766111233119394,-0.9063726173961334,0.4224792047361411
778,25911.112441306523,23.36420650356523,2.8877425625589446,-0.8952980063986283,0.445467708974109
779,20617.105320351737,23.149905520608744,2.965582710965039,-0.9024884220372814,0.430714114104307
780,25814.112454109207,23.35984502355178,2.8766478746857156,-0.8935234652383207,0.4490164997731193
781,23803.139888678863,23.156497294534507,2.979767713240273,-0.897029969464282,0.4419697205498461
782,26005.86786283089,23.357918599055694,2.8729339260520304,-0.9019200925694028,0.43190293657209616
783,23803.283487699293,23.154731635054745,2.976370175307684,-0.8980551215292519,0.43988293749028307
784,23705.793875976415,23.36048289301042,2.878133624830498,-0.8977062790178248,0.44059441282427914
785,20617.86834921076,23.146796573524984,2.9576456167862264,-0.9020228553602743,0.4316882768939847
786,28619.152461185575,23.35429724029623,2.8631603095184377,-0.896818271974425,0.4423991264150577
787,20859.490912597124,23.14154948556098,2.9451505092688364,-0.9009844228786118,0.43385143739544624
788,26197.558178468622,23.34098270773505,2.8346498762694394,-0.8997686417853558,0.4363672664851664
789,21458.224587690784,23.15237807812397,2.9627603508188165,-0.8907303671338556,0.4545320814481492
790,28864.288965731237,23.357843018664383,2.8639263576346647,-0.8965053781073663,0.4430328509541568
791,21341.13467593561,23.166454962074198,2.98784008485902,-0.8932173641635468,0.4496251109054363
792,26191.769337482634,23.365884535597914,2.8773328669764333,-0.903147960178166,0.4293294329835984
793,21334.389119493204,23.17318578233087,2.999198327584951,-0.8958618043364587,0.4443327891693618
794,26037.093115451313,23.373296961142167,2.889930234736428,-0.9045873460135782,0.4262883219513657
795,20868.615040310648,23.159925653096114,2.9702837343659816,-0.9051899805986717,0.4250071752615197
796,28775.800056246564,23.365143803640112,2.8709383233632586,-0.8995409965374216,0.43683634870333593
797,21354.39257486072,23.172170946120346,2.9923692760098386,-0.8947294984200341,0.4466084690834177
798,26186.604123814323,23.37119956796225,2.881141547058324,-0.9040330385323381,0.4274625892893881
799,20613.841893720382,23.157782451526735,2.9613733014474053,-0.9046428149419734,0.4261705965618256
800,26036.724660143198,23.36843143037423,2.874132211870835,-0.8944575695401782,0.44715283325981214
801,21405.091140091954,23.174862747856555,2.9946111110539335,-0.8941914901971508,0.44768468687123825
802,26035.07621148612,23.38577347343437,2.908004726553481,-0.8963130465821612,0.44342183361513043
803,20760.587622029783,23.171991997806213,2.9872605192644723,-0.9055649167732939,0.4242077103370204
804,26034.516070502927,23.382919006599938,2.900693799554576,-0.8973586364087183,0.4413020254459363
805,21397.673670021057,23.18744362453267,3.018053822584804,-0.8973519112238287,0.441315700403851
806,26283.50068270118,23.38719236229108,2.9081245645871228,-0.9068618001800098,0.4214281378530291
807,21292.51740812901,23.191284009717812,3.0247603969544876,-0.8997577114156758,0.4363898036710132
808,25926.639205804564,23.39098256301314,2.9147399997012813,-0.9079148333926317,0.4191546913797219
809,21289.11576366821,23.194555669901366,3.030500423259834,-0.9006222703886234,0.4346027221268194
810,28509.663361551375,23.39845389329716,2.928473394997518,-0.9050433403332058,0.42531935309660296
811,20585.315047566095,23.184227489673155,3.0065185613457617,-0.908980218603443,0.41683925221557155
812,25823.652363568082,23.383837880654696,2.8963382917318397,-0.9076973338970123,0.41962548782963094
813,20757.690471626014,23.170811515598103,2.977601861618815,-0.9066343932809748,0.4219171446149572
814,26028.147686449818,23.38198800410363,2.891645531412857,-0.8966612888171884,0.4427172157672419
815,20761.34431232351,23.16918609224903,2.973495065993252,-0.9042362637770334,0.4270325271809531
816,25822.609624362285,23.367687407854902,2.8613289940163,-0.9038642993530619,0.42781927066811565
817,18671.780417584345,23.163324953906137,2.9624229474261785,-0.8993445819952096,0.43724057775538383
818,28615.858919837854,23.37083585361562,2.8679601161021036,-0.8979357622508313,0.4401265350680626
819,18886.876849744112,23.16533510043269,2.966719624207644,-0.8988253012319509,0.4383070588814336
820,25823.19451002691,23.364726168321464,2.8561429447215354,-0.9020928199761854,0.4315420537414789
821,21348.673841402342,23.171381255769003,2.976980624234515,-0.8939052281859141,0.44825600165741114
822,23707.232032118638,23.377010211711013,2.878488327692101,-0.898410652159565,0.43915635038813366
823,21139.474471066613,23.182180552237096,2.9969172253027647,-0.895626764216473,0.4448063614868049
824,25625.861959814752,23.38137368918716,2.885984388901665,-0.9049523014209132,0.4255130223071823
825,23319.345658479007,23.176466175240247,2.985968941349005,-0.9011712612885643,0.4334632139266007
826,23225.886008077134,23.38213161548002,2.887552851754977,-0.9006120792413073,0.4346238404927294
827,23325.19858348848,23.177160425870873,2.9874068022537505,-0.9005882900537548,0.4346731321557084
828,23227.60685757569,23.38284752621553,2.889035989754277,-0.9006629091127362,0.43451849690040034
829,23352.896355657558,23.177816214048992,2.988766431602625,-0.9007422073301166,0.43435409049998497
830,25536.486537701625,23.377015675818377,2.8778449529306025,-0.9048780052484426,0.42567099456927937
831,18893.67462724697,23.17044722738234,2.97435130562683,-0.9011047183966309,0.4336015296136866
832,26010.491647384155,23.381651531494548,2.88846334416262,-0.8955176775744955,0.4450259421107738
833,21297.95891707058,23.186103194260582,3.0057017670666824,-0.8959867731817301,0.4440807384737496
834,23585.418162437094,23.39217007289847,2.9081290171390615,-0.901690184634674,0.4323827134998433
835,20488.282478243134,23.177922318560785,2.98611555290812,-0.9069405430035256,0.42125865149153957
836,23209.698220933136,23.3835844819256,2.887692615743531,-0.9017499923691379,0.43225796841962283
837,21094.5944619587,23.187794637580886,3.0045272717813387,-0.8972454335899501,0.44153214141439656
838,23313.256145867883,23.393754232002834,2.9067282663388143,-0.9019707380660453,0.4317971603341011
839,20416.564373024245,23.179762811823753,2.9854154450259394,-0.9069386955047071,0.42126262900501915
840,25602.97709917494,23.3912116125574,2.900131186992564,-0.8977629951360176,0.440478835546507
841,18658.667085294415,23.18103605903502,2.98850673056408,-0.902185940659207,0.4313473408714398
842,25323.704298365043,23.379395067580976,2.876089188655958,-0.9058334966637477,0.42363389420810993
843,20440.553386907584,23.166374190406724,2.9573671431572404,-0.9050251237605605,0.4253581142545445
844,25748.517704527825,23.377568292466005,2.8714540984237757,-0.8946396760121513,0.44678837283984096
845,23001.15968839224,23.17239691884102,2.9708960787179968,-0.8988687457271438,0.43821795713424516
846,22937.357553862083,23.37750844879354,2.87133072188875,-0.8995670077459971,0.4367827819121458
847,18768.711804448303,23.17008496014163,2.9659853380227283,-0.8999643173500956,0.43596356212024917
848,22815.16700277833,23.375120709162015,2.8662640182177337,-0.8992434888486184,0.43744845154985396
849,23001.441587767433,23.170157089185903,2.9661335054813036,-0.8991303238471767,0.437681003401417
850,22815.096792024622,23.37519519018547,2.866417021696065,-0.8991173655365634,0.4377076227238792
851,23141.116461641974,23.17022539657364,2.9662738377214337,-0.8991240949194875,0.4376937992880551
852,22937.291923541852,23.375265676413026,2.8665618342143966,-0.8991309725361188,0.4376796707938957
853,23001.40995305845,23.170290040510253,2.9664066572462047,-0.899140699734068,0.4376596875218583
854,28450.24009673504,23.37680607292595,2.8697881892637453,-0.8988305633427771,0.4382962678382123
855,20454.80707062252,23.164114632789016,2.9519243645610915,-0.9031375500958705,0.4293513312042121
856,25561.24634936666,23.375052406232847,2.865383878460316,-0.8937556573772562,0.4485541493578549
857,20455.015188371202,23.162581257112592,2.9480882362144207,-0.9018248956652066,0.43210167502387575
858,25560.64019539572,23.373533510372408,2.861583052296888,-0.8931425758372035,0.4497736533267429
859,20934.048396873644,23.17755257653609,2.978096886551219,-0.8940513882825345,0.4479644127718994
860,28402.298377290597,23.38322768648387,2.879701006820572,-0.899350712729277,0.4372279674418612
861,18784.315136524347,23.175034092534,2.9726495271866127,-0.90078292630453,0.4342696393696521
862,28404.035356598964,23.381067840577025,2.875006838431425,-0.8997918382415399,0.43631943325264627
863,20382.682185549864,23.16828835964435,2.9569146676910365,-0.9038752119760325,0.427796214540618
864,28402.08905364305,23.376137226768147,2.863197815229198,-0.8986331989035097,0.4387007793798017
865,18789.299450070277,23.169499383237287,2.959555490693665,-0.8991986125918169,0.4375406896654888
866,28558.728753674997,23.377037368455202,2.8651521820032957,-0.8982229844904406,0.4395400665844763
867,18784.95100816119,23.170544188416304,2.9618194804936517,-0.8991843341924673,0.43757003227237734
868,28402.380999621324,23.377819430699056,2.8668406726646025,-0.8984569009930359,0.4390617235173094
869,20383.1207792011,23.165439748419782,2.949779629463894,-0.9028769717404308,0.4298990275644148
870,25425.532909039455,23.376573224870818,2.8637177033774988,-0.8936353360423129,0.44879381254262224
871,20269.07417922679,23.164346471961544,2.9470472020534553,-0.9017294079485428,0.43230090774918634
872,25426.06343553819,23.375486062514398,2.861000277058001,-0.8932015369021894,0.4496565516875817
873,20386.360791233423,23.1633043921419,2.944444502489946,-0.9014878769905331,0.43280435261108624
874,25344.737541424995,23.374066289498824,2.857476562290646,-0.8931267816677579,0.4498050153875487
875,20262.322046954992,23.161968696508808,2.941134263955479,-0.9012382615175998,0.4333238926908306
876,25499.104911269234,23.372735639118314,2.8541785516471974,-0.8927746190608362,0.45050358440391897
877,20940.271502039723,23.176570474545112,2.9703819431982588,-0.8935157961824661,0.449031760538621
878,28472.48987592226,23.38035290929682,2.8681238418729103,-0.8988775607943864,0.4381998752856215
879,22942.546024130657,23.175209459364808,2.9676234144850158,-0.8995469662415525,0.43682405557114085
880,25584.317912966206,23.386485122918803,2.881911140044189,-0.8951156547963661,0.4458340100737858
881,20421.823514087697,23.17340267753951,2.9630275469615337,-0.9039671855077179,0.42760183293018644
882,25586.220917922605,23.38432416460286,2.876447374317987,-0.8955663670950054,0.44492795161492615
883,20516.8768047229,23.17150110590152,2.9582419076622557,-0.9035400839203155,0.4285035784556171
884,25585.492459012185,23.38243916925861,2.8717021282128044,-0.8950095851820722,0.4460469060897239
885,20937.62916124577,23.18516247474906,2.986008321410661,-0.8956340817845914,0.4447916271085505
886,25406.15969814826,23.38275055554434,2.8722412333419323,-0.9049177055604226,0.42558659067604565
887,18843.320655182546,23.17501086469408,2.9661998457488736,-0.9014843310325739,0.4328117384068423
888,25262.346794639725,23.372618828291728,2.852467296657634,-0.9037691938204906,0.4280201447374417
889,20419.398544859552,23.160816487750076,2.936869716889982,-0.9027053860917252,0.43025920782824517
890,25424.643518433382,23.371667824674866,2.8501188453264708,-0.892531363976032,0.45098532605738256
891,20259.384576422308,23.159972170797392,2.9347884982688854,-0.9004742207322538,0.43490939032934245
892,25261.380477490482,23.3573898875727,2.8207260368574967,-0.9004170458749975,0.4350277502616846
893,22913.869386382084,23.154265197749023,2.9242845246025126,-0.8950342403816963,0.44599743109614404
894,25569.6776462953,23.36503279739912,2.837330404874142,-0.8899116434696819,0.4561329486203447
895,23131.675095659702,23.161190689471415,2.9394695013827246,-0.8949352375768025,0.4461960561718939
896,22820.48297804254,23.365882923517155,2.8390449559699427,-0.8959018536273802,0.44425203282261333
897,20420.41749230058,23.154618042982946,2.9247838051158617,-0.9000034597082316,0.43588275087827627
898,22818.52450252416,23.359095362338202,2.82392238598402,-0.8952092929084158,0.4456459602536686
899,22915.336634369847,23.1558042174821,2.927153730173151,-0.8945015845158754,0.4470647775195315
900,22818.852382206765,23.360318134415138,2.8263665396144972,-0.8945155379002779,0.4470368580497322
901,22914.482177326372,23.156923232175103,2.929393301879293,-0.8946309911792439,0.4468057627444431
902,28471.389704275196,23.36600068815809,2.838450367026262,-0.8947074426749023,0.44665265254125214
903,20939.97327089786,23.17068720145499,2.956079623216539,-0.8922787281611431,0.4514849623975674
904,28554.494024837495,23.379351860079147,2.8641934967269367,-0.8970199100473959,0.4419901367435271
905,20895.983834830982,23.182418060533728,2.979089443551031,-0.8952985859532104,0.4454665441873068
906,22798.555431561952,23.387738469810447,2.87995554655086,-0.9001226167485474,0.4356366316297881
907,22939.06259740763,23.182184403210677,2.9786040422530116,-0.9008615625132375,0.4341064906059438
908,22796.367645632155,23.387507335882617,2.87947537173336,-0.9009645594433646,0.43389268561134303
909,22938.9928930598,23.181972541966108,2.9781640159113905,-0.9009576903966958,0.43390694868260815
910,22796.569327101435,23.387288571399758,2.879021048144634,-0.9009368780469846,0.4339501604734729
911,22938.95402361626,23.181767374015703,2.9777380042657837,-0.9009157648257903,0.43399399153486157
912,25579.1134381427,23.393253881266073,2.892547293205019,-0.8963646590446442,0.44331749121344016
913,20430.87031249015,23.18002554085114,2.9732794110014344,-0.9050793277736476,0.42524276647204967
914,25578.311060511627,23.391535730027915,2.888147514074338,-0.8965874324771367,0.4428667699478658
915,20419.13876770359,23.178433233431097,2.9692112294111213,-0.9048076127428006,0.4258206006320905
916,28466.529063777096,23.382085027334167,2.866693197631041,-0.9004512354447761,0.4349569778564039
917,20983.508935041227,23.18501434237875,2.981354198547671,-0.8960697921338578,0.4439131983002813
918,25401.426988776853,23.382343532927866,2.8671386542586808,-0.9045461648965359,0.4263756976786657
919,20935.51573878822,23.185133384409088,2.981559619650526,-0.8969719047378477,0.4420875502781743
920,25503.163044072462,23.396786435590045,2.8967835267599518,-0.896141085751386,0.4437692580929047
921,20310.092553768714,23.183478729991826,2.977305714586806,-0.905526051168384,0.42429066765060164
922,22743.83736356029,23.38878080394776,2.8781338514935286,-0.9017619758449623,0.43223296834021036
923,18638.384040048404,23.180770671116292,2.971492218228572,-0.9015095612181456,0.43275918364867366
924,25257.682521122042,23.3779470770559,2.8570131155908496,-0.9044382984848228,0.4266044587599602
925,20894.025655561534,23.18117754485528,2.9721901584316437,-0.8960338265692812,0.4439857899118068
926,25257.569121381308,23.378344845630203,2.8576953746852616,-0.903675521189003,0.4282178795937692
927,20718.694005266516,23.181526685580874,2.9727893010011024,-0.8959593402112122,0.44413608352428346
928,25257.469028911524,23.378686107201556,2.858280949924871,-0.9037277864716285,0.4281075658746181
929,20718.705123357395,23.18182627524103,2.9733035849167417,-0.8960298101259421,0.44399389564009556
930,25257.38494851971,23.378978887125985,2.858783509703091,-0.9037929326030137,0.42797001644606386
931,20718.71023986628,23.182083339114772,2.9737449953118094,-0.8960941198758172,0.443864087670972
932,25402.40299418148,23.37923023746608,2.859215084500444,-0.9038493367568222,0.42785088108388003
933,18776.191437689664,23.172856172332693,2.956136419821006,-0.900135195292198,0.4356106405912012
934,28348.362295745574,23.378780276495906,2.8582627087205363,-0.8984458920410924,0.4390842505425195
935,23030.336245424205,23.174035141396434,2.958579355659608,-0.8985611309362255,0.4388483724142218
936,25568.498352847288,23.385195271331483,2.872582846859461,-0.8943002465058042,0.4474673944542304
937,20987.664717244064,23.18764023184868,2.9864073010639394,-0.895617234172529,0.444825549910467
938,22892.691041093723,23.393102003919527,2.887566721252267,-0.900892217775454,0.43404286879480447
939,20983.298986090653,23.194706545339397,2.999919923319585,-0.8982527928297807,0.43947914646032876
940,25380.956986601006,23.393053692621663,2.887481454969173,-0.9065831714195661,0.422027194975444
941,18896.00834735417,23.184348748930297,2.9792760434740755,-0.9032784369877467,0.4290548511239246
942,25317.19698296209,23.3826895708272,2.866826417555351,-0.9052557108511502,0.42486715332133973
943,20932.557735447157,23.18553927233514,2.9813504753095725,-0.8970112628754153,0.44200768576423244
944,25316.875276878254,23.383863311425493,2.8688712526998468,-0.9045091203254448,0.4264542780276569
945,20891.342732122845,23.18646362725857,2.9829649190043273,-0.8971633335087815,0.44169893933244936
946,25489.82993478222,23.384720429068707,2.870367225706396,-0.9047474697329825,0.4259483724722586
947,22939.680271934194,23.179521925284345,2.9697532108585234,-0.9007871645896998,0.4342608480054922
948,25308.318560531316,23.37675507703657,2.8553719018527097,-0.9041336735728828,0.4272496931673608
949,20893.600883120103,23.18013473030058,2.9708034367529192,-0.8957966011475516,0.4444642273259959
950,25661.65768711066,23.377360354194227,2.856409148085341,-0.9034564780703458,0.4286798248491837
951,18856.758428784095,23.17154762538114,2.9545168473678727,-0.899636483037545,0.4366396665304665
952,25487.149965182154,23.368824947166082,2.8402117367675146,-0.9023722290771216,0.43095749232422786
953,20530.14980233033,23.157721787552855,2.9263480009151595,-0.9013043830671353,0.43318634450311416
954,25567.297674363508,23.368748108780046,2.840023660493012,-0.8912478803658399,0.45351649996819005
955,23129.115427853303,23.16481074957456,2.9419724393983633,-0.8954370752985384,0.44518809977446544
956,22896.376199373342,23.369581363946974,2.8417078120887087,-0.8962319131237525,0.4435857954201629
957,23028.83541589742,23.16557401440711,2.9435164626726356,-0.8964459242067344,0.4431531394147331
958,22896.3745794666,23.370368207683317,2.843300004940644,-0.8965670278299375,0.44290807692815004
959,23028.876291273114,23.166294809339476,2.944976197278852,-0.8966622810209969,0.4427152061926751
960,28349.40084732247,23.374299864362296,2.851606517591317,-0.8966528282481263,0.4427343510443211
961,18771.795276770637,23.169216807991145,2.951230510632488,-0.8977138648077424,0.4405789565241925
962,28313.543069159085,23.37593098623009,2.855036703581326,-0.8975059258555983,0.44100239574642347
963,18639.582730933114,23.169937187323807,2.952763643634504,-0.898427421294973,0.4391220430190965
964,25287.56301410318,23.380966440272115,2.8664464703717107,-0.8935967499884493,0.44887063660934734
965,20373.02749975293,23.168748108760514,2.9497974138002787,-0.9021960473310296,0.4313262015925608
966,25287.92358672254,23.37978087091852,2.8634888203928854,-0.8939453876322409,0.4481759073522835
967,20855.55964426098,23.18280907009643,2.9783196075577503,-0.8946722309096456,0.446723179652856
968,24974.38290349785,23.381276291584385,2.8660932203092493,-0.9037967098450721,0.42796203952362694
969,20852.969489759093,23.184202121910673,2.9807482317453693,-0.896703944188878,0.44263081284080247
970,25415.427722055254,23.395438620118863,2.8949394802992536,-0.8961391009407224,0.4437732661677065
971,20251.46034966777,23.182249900357014,2.9757761660694193,-0.9052531212411035,0.4248726709065198
972,25419.022551139773,23.39348498552181,2.8899639361984852,-0.8970914649996536,0.4418448861589045
973,20256.255381739884,23.18044573710399,2.9711937252759633,-0.9050440258425448,0.4253178943880907
974,25418.189297421573,23.39170179431396,2.8854331382205003,-0.8965909194356192,0.44285971050163386
975,20256.47051934821,23.178870416207815,2.967206021827713,-0.9045386894609974,0.4263915562815253
976,28140.74806211601,23.386850133733383,2.8737799168142555,-0.9000109833680715,0.4358672158087106
977,20269.85213702184,23.17455963349452,2.9569468784536803,-0.9040315911602406,0.4274656502975224
978,22742.633750066027,23.379565531402257,2.857164205493676,-0.8994342689065544,0.43705605580581064
979,22868.99595125264,23.174842301246034,2.957525547824287,-0.8986724237433555,0.4386204222368616
980,25420.597643891248,23.386126358035295,2.8718339651182085,-0.8942568292064224,0.4475541569661437
981,20386.2454919639,23.173881080009128,2.955116267893737,-0.9028826574266532,0.42988708624263766
982,28303.033081722933,23.380058844961475,2.8577780470385403,-0.8988178409278651,0.43832235720958973
983,20853.746332781004,23.183095790833566,2.972623836289199,-0.8950536941242081,0.4459583889048489
984,22742.913503400498,23.388375154141272,2.8734049721554946,-0.8993671445625208,0.4371941665684228
985,22864.127081614777,23.18307458880689,2.9725799582829606,-0.9001762237329431,0.43552585023841933
986,22737.20877437542,23.388342048613815,2.8733364701116364,-0.9003135275845894,0.4352419465632796
987,22864.027642987196,23.18304054905378,2.9725095222901423,-0.9003360961577765,0.4351952595736482
988,22737.20796870968,23.388307004758463,2.873263957339173,-0.9003334315791882,0.43520077203612945
989,20849.635118565602,23.190474794524903,2.986605990998821,-0.896818728153909,0.44239820166045557
990,22732.161873536446,23.395971520009578,2.8878381024161643,-0.9011402761353398,0.4335276262554945
991,22859.202234112963,23.190149242083166,2.985925766825011,-0.9018375964482467,0.43207516664632456
992,22732.154596651522,23.395636048719652,2.8871372437145815,-0.9019172112138959,0.4319089535031067
993,22859.21655712816,23.189841330291685,2.985282716698074,-0.901901645209078,0.43194145710866705
994,22732.14775346224,23.395318678535588,2.8864745219030348,-0.901862193241724,0.4320238238815391
995,22859.23016255845,23.18954994623143,2.984674464906789,-0.9018280192568539,0.43209515582017316
996,28217.865950738433,23.39919987952238,2.8950591455071475,-0.9012446081194634,0.43331069261627403
997,20825.82516424014,23.200738793117928,3.0072963816775236,-0.8986789761238136,0.4386069970634921
998,25082.150905046492,23.398933944206316,2.8945902057817414,-0.907323154436376,0.4204339346718151
