frame_id,1's score,pos_x,pos_y,per_x,per_y
0,1.0941840902755619e-07,0.7142913410391988,0.2063713241470759,-0.1877770100310433,0.98221168517983
1,2.4388525814430577e-07,0.889287836333406,0.35252270674315167,0.48787309870733536,0.872914566013022
2,9.136621228835192e-78,0.9263883892057708,0.5774839233485143,0.48787309870733536,0.872914566013022
3,4.496644851090332e-73,0.9754179906761865,0.8001498124731222,0.48787309870733536,0.872914566013022
4,1.2429786201667674e-68,1.0370369809793798,1.0196654156406761,0.48787309870733536,0.872914566013022
5,2.187768594675472e-64,1.1152342258053998,1.2338363541491943,0.48787309870733536,0.872914566013022
6,1.744869359101014e-60,1.1968401341141777,1.446731811425998,0.48787309870733536,0.872914566013022
7,3.425928460491159e-57,1.291084547376598,1.6543420004072282,0.48787309870733536,0.872914566013022
8,5.39675950034161e-54,1.3905784249544062,1.859488212472019,0.48787309870733536,0.872914566013022
9,4.422928836514359e-51,1.4989146817636325,2.0601053988259435,0.48787309870733536,0.872914566013022
10,2.6466824567634203e-48,1.6139858678425334,2.256936854986779,0.48787309870733536,0.872914566013022
11,9.005800394145888e-46,1.7355281213884943,2.449839629987476,0.48787309870733536,0.872914566013022
12,1.7858140471878823e-43,1.8630851100005317,2.6388190327175844,0.48787309870733536,0.872914566013022
13,2.970984554522504e-41,1.9961136945076996,2.8239875929647797,0.48787309870733536,0.872914566013022
14,3.243292809833336e-39,2.1339346680649376,3.0056173791996788,0.48787309870733536,0.872914566013022
15,2.4983467883325434e-37,2.27621554407943,3.1837750406137997,0.48787309870733536,0.872914566013022
16,1.3346725647707693e-35,2.4231136760548786,3.3581451608240114,0.48787309870733536,0.872914566013022
17,6.962737405032461e-34,2.5733616071570813,3.529637315745185,0.48787309870733536,0.872914566013022
18,2.878788171679963e-32,2.727711830513388,3.697446756927313,0.48787309870733536,0.872914566013022
19,8.635009453410885e-31,2.8853194131804196,3.862200663970074,0.48787309870733536,0.872914566013022
20,2.277951048576326e-29,3.046002821831628,4.023956165218807,0.48787309870733536,0.872914566013022
21,4.842906957196075e-28,3.209121023319783,4.18325604702438,0.48787309870733536,0.872914566013022
22,8.65231165695556e-27,3.375079868807818,4.339594339212438,0.48787309870733536,0.872914566013022
23,1.305354913328208e-25,3.543882768786022,4.492857449447577,0.48787309870733536,0.872914566013022
24,2.114764555754275e-24,3.715053003963229,4.643472025732144,0.48787309870733536,0.872914566013022
25,2.82226851751159e-23,3.8885541182778063,4.791395530732532,0.48787309870733536,0.872914566013022
26,3.1911209289463635e-22,4.061919123439391,4.939478531057768,0.48787309870733536,0.872914566013022
27,3.402266209772411e-21,4.225682662744403,5.098114917786336,0.48787309870733536,0.872914566013022
28,2.9041242505022723e-20,4.046387165071815,4.957270590551126,0.48787309870733536,0.872914566013022
29,6.550437875243184e-23,4.223624523323886,5.1006962466933485,0.48787309870733536,0.872914566013022
30,7.452809100997081e-22,4.403859155759726,5.240336775447424,0.48787309870733536,0.872914566013022
31,6.1557607780503056e-21,4.234474722893913,5.087716613271101,0.48787309870733536,0.872914566013022
32,4.910139093045798e-23,4.422542451406442,5.216613973570441,0.48787309870733536,0.872914566013022
33,5.895487244921001e-22,4.630621662561197,5.309818275430469,0.48787309870733536,0.872914566013022
34,4.166265249388121e-21,4.486056041437543,5.133509508804608,0.48787309870733536,0.872914566013022
35,1.1377258515452599e-22,4.707731104903064,5.186840233884595,0.48787309870733536,0.872914566013022
36,8.330757158135426e-22,4.907066717922369,5.07616361764513,0.48787309870733536,0.872914566013022
37,1.2325027231963585e-21,5.132539217193368,5.110018485426432,0.48787309870733536,0.872914566013022
38,9.40426670409567e-21,5.359392852095686,5.132853290693951,0.48787309870733536,0.872914566013022
39,6.485949331043874e-20,5.574836861845369,5.207471510070847,0.48787309870733536,0.872914566013022
40,6.21218534515062e-19,5.783874845014867,5.298505138980325,0.48787309870733536,0.872914566013022
41,6.491239364685891e-18,5.988291521148211,5.399489407649239,0.48787309870733536,0.872914566013022
42,6.458595822059686e-17,6.188513370063629,5.508554577235553,0.48787309870733536,0.872914566013022
43,6.215399320919665e-16,6.38598709251481,5.622520049819463,0.48787309870733536,0.872914566013022
44,5.970335746487223e-15,6.582098221084196,5.738814612251426,0.48787309870733536,0.872914566013022
45,5.3378763982413366e-14,6.777719780470736,5.855930817377694,0.48787309870733536,0.872914566013022
46,4.607434110044878e-13,6.974789970686503,5.970592668611316,0.48787309870733536,0.872914566013022
47,3.615217458362632e-12,7.173619933923421,6.082175130132856,0.48787309870733536,0.872914566013022
48,2.5500016987947642e-11,7.373661108355432,6.191571329938249,0.48787309870733536,0.872914566013022
49,1.7441042285556228e-10,7.575539490185937,6.297538867181958,0.48787309870733536,0.872914566013022
50,1.1351929602305212e-09,7.779203825462129,6.400031981762924,0.48787309870733536,0.872914566013022
51,6.757436086625733e-09,7.984614761356881,6.498978166200939,0.4878730987073354,0.8729145660130221
52,3.1283038135825646e-08,8.191728817972166,6.594307949334862,0.48787309870733536,0.872914566013022
53,1.6481284868554256e-07,8.400508001191966,6.685933560678377,0.4878730987073354,0.8729145660130221
54,7.33699345713221e-07,8.611001331652428,6.773549528581852,0.48787309870733536,0.872914566013022
55,3.402304519056209e-06,8.823137986349785,6.857108129179364,0.4878730987073353,0.872914566013022
56,1.448654131294459e-05,9.036845038312089,6.936564380925725,0.4878730987073353,0.872914566013022
57,5.678791676304926e-05,9.252370509793975,7.010946980655169,0.4878730987073353,0.8729145660130221
58,0.00021188888172205136,9.469948433698113,7.079092758437547,0.48787309870733553,0.872914566013022
59,0.0006058073913325455,9.689683374122238,7.139924953505673,0.48787309870733614,0.8729145660130218
60,0.002487787548482576,9.912329535906755,7.189044060201767,0.48787309870733964,0.8729145660130198
61,0.008097504441743834,10.136168010303846,7.232406917344522,0.48787309870734474,0.872914566013017
62,0.03259504921927114,10.360099551205282,7.275286574403653,0.48787309870738704,0.8729145660129932
63,0.08290356259188827,10.584264122512453,7.316930841364096,0.4878730987074295,0.8729145660129694
64,0.3637755591627451,10.809000355127237,7.355370739258254,0.4878730987081087,0.8729145660125898
65,0.7437193391490018,11.034364889577494,7.389937003332045,0.4878730987085489,0.8729145660123437
66,5.268418275384084,11.260087995393599,7.422078557443994,0.48787309872535717,0.8729145660029497
67,7.205082305440113,11.48624827393417,7.450984065750405,0.4878730987367893,0.8729145659965603
68,279.02937180293134,11.712732948720111,7.477227009318263,0.48787309987767064,0.8729145653589203
69,255.30504646701678,11.938852081447695,7.5064526455735345,0.48787310096900793,0.8729145647489703
70,5902.213320795368,12.165302903560683,7.532986118100742,0.4878731226523183,0.8729145526301391
71,6292.319303817141,12.391376683566621,7.562560532614418,0.48787318769130966,0.8729145162797558
72,7282.22119112819,12.617972573872681,7.587825181759107,0.4878732784315332,0.8729144655649071
73,7765.935327931586,12.843908487878737,7.6184350292309215,0.48787345068532895,0.8729143692919656
74,7912.803353979047,13.070438865330125,7.644280494824166,0.48787380651464457,0.8729141704182096
75,7700.105253585617,13.29602446701295,7.67737333866385,0.4878745889374938,0.8729137331197575
76,7437.875741425784,13.522760893898537,7.701344002466857,0.4878764532571712,0.8729126911422489
77,6959.695532128581,13.747278518644892,7.741040805590723,0.4878812500918962,0.872910010143525
78,6585.246413112817,13.974115551451144,7.764039947915068,0.4878941095256579,0.8729028227071817
79,6133.906640050354,14.192944108435023,7.828056060327124,0.4879298932339136,0.8728828210525978
80,5687.425041909424,14.420312542823055,7.845014687746088,0.48802821217250114,0.8728278548051225
81,5369.674945398963,14.645311615006223,7.88188496733159,0.488290305502913,0.8726812577063129
82,4851.935461887511,14.873137009453277,7.872963664453425,0.4889615988490022,0.8723053105713776
83,4591.89170708855,15.09746931791194,7.913694676982051,0.4906468025691408,0.8713585456794916
84,4474.274715420813,15.305063882279049,7.819415851972241,0.49468894905002675,0.8690701028615471
85,4411.426046381719,15.328017083390819,8.046257538085536,0.5031710828481846,0.8641868208815646
86,4566.818438019431,15.400801062180168,7.830186965282131,0.5235743436113621,0.8519799919669072
87,4565.604799156439,15.315971908388464,8.041818755585439,0.5480492714565773,0.8364460508938487
88,4650.627746833445,15.38892673746011,7.825805809410617,0.6158392354294144,0.7878718398989233
89,4670.640871856246,15.305356641577697,8.037937935865344,0.6563647122463147,0.7544437450982098
90,4634.801501495624,15.402287560850214,7.831568372002392,0.7019486310722094,0.7122275755233373
91,4743.801674863422,15.294193875158186,8.032316361067073,0.7383307047741253,0.6744388559296856
92,4613.412966025447,15.414298376372024,7.83851515160703,0.7773339629544739,0.6290881576039185
93,4821.34302670127,15.272024837367303,8.01667867228136,0.8080805301822283,0.5890720301800187
94,4596.2197864224645,15.4268489702137,7.84930636905182,0.8423608843131705,0.5389138526509907
95,4871.2653889434,15.256353658759716,8.00068453383198,0.8675730271254718,0.4973098054576696
96,4571.506376740905,15.439206184116706,7.864489989262195,0.8949339721190597,0.4461985942909302
97,4928.607198657062,15.241033161545525,7.977235069531809,0.9126160068988673,0.4088178371254935
98,4551.750622058562,15.448854153298354,7.883456418513198,0.9343931297548077,0.3562435670535188
99,4956.300313198289,15.232876442732843,7.956515494190899,0.9445045939849787,0.3284982069072381
100,4540.244568995409,15.453372527521134,7.898502766337137,0.960379157191046,0.27869674277432094
101,4969.114648455504,15.228604043671945,7.936753631270319,0.9656600921563347,0.25980874969219
102,4534.637284365184,15.455192424028342,7.911421716864482,0.9743540213706413,0.225020534704857
103,4967.446198594878,15.227508917708352,7.923430919578857,0.9773691783620928,0.21154075065529923
104,4520.376952669763,15.455474259983113,7.919455655870464,0.9819078106388083,0.1893595822938516
105,4984.551753806712,15.227510249857481,7.915404719257679,0.9836614711990821,0.1800280813608185
106,4528.8522624376665,15.455327155075732,7.9245402376763865,0.9862257918054217,0.16540461776434506
107,4984.600909298755,15.227757820484726,7.9105331696817425,0.987259345136111,0.15911940623763393
108,4534.664683368959,15.455117442404763,7.927609536987992,0.9886123608877163,0.15048455036985006
109,4981.679423748418,15.22800538453694,7.907506970707969,0.9892438023601953,0.146276107043983
110,4528.443354981482,15.454947201310137,7.929448069123513,0.9900163708868986,0.14095242238406103
111,4982.599992533774,15.22817731847171,7.905796002882995,0.9904121137899027,0.13814428999497927
112,4529.653543518875,15.454836760908824,7.930483999036919,0.9908609526197638,0.13488725875135174
113,4980.021728316008,15.228287054553572,7.904808513640356,0.9911158028099581,0.13300174968913786
114,4531.953297646418,15.454767814618998,7.931085220439088,0.9913803640038985,0.13101516655524129
115,4980.120270587986,15.228352827330024,7.90424768085488,0.9915434926942982,0.12977481302468594
116,4526.812621436575,15.45472709494612,7.9314265506120325,0.9916930790839497,0.12862673476768002
117,4979.619774647597,15.22838888652935,7.903949006859245,0.9917976168674911,0.1278181801465089
118,4532.226085759674,15.454704781282619,7.931609733205949,0.9918897885705452,0.12710093362945563
119,4979.622624037394,15.228408202647481,7.903791420927321,0.9919614083856333,0.12654076131267372
120,4532.526820655424,15.454693425801866,7.931701952666616,0.9920194625812784,0.12608483596353542
121,4979.622476091665,15.228419927643575,7.90369652406411,0.9920713925197796,0.1256755829262997
122,4532.526575114816,15.454686587994416,7.931757144400751,0.9921074389154227,0.12539070798380827
123,4978.414794397453,15.228427019063384,7.9036394014766955,0.9921449509842514,0.1250935499394657
124,4532.5263798112865,15.454682246117839,7.93179206086327,0.9921678203376293,0.12491203419397984
125,4978.414398701547,15.228431575523128,7.903602806608438,0.9921954238084381,0.12469258588061194
126,4532.539162944209,15.454679661553786,7.9318127971696475,0.9922087754608896,0.12458629899953606
127,4978.567957670668,15.228434329093611,7.90358073135815,0.9922298145426431,0.12441862855968132
128,4528.114868658698,15.454678099839468,7.931825309575857,0.9922374734608652,0.12435753398969676
129,4978.567644744123,15.228434382735816,7.903580301678472,0.9922522176487732,0.12423983488033016
130,4528.1149343811585,15.45467809839811,7.931825321121175,0.9922565870480846,0.12420493331461081
131,4978.567478223414,15.2284343580185,7.903580499665852,0.9922690803563347,0.1241050851850715
132,4528.114754360129,15.454678126362753,7.931825097120801,0.9922712198408045,0.12408797796580429
133,4978.567205771458,15.228434397101315,7.903580186607975,0.9922814265618959,0.12400633250075971
134,4528.114434658195,15.45467812576047,7.931825101945122,0.9922819862457252,0.12400185390645664
135,4978.566675391744,15.228434508841119,7.903579291578804,0.9922903071454229,0.12393525061596491
136,4528.114123628328,15.454678099564637,7.931825311768007,0.9922898208376066,0.12393914418806717
137,4978.566312266477,15.228434633481694,7.90357829325673,0.9922968132324121,0.12388314836489828
138,4528.113897434966,15.45467805259535,7.931825687964252,0.9922956446135837,0.12389250857462088
139,4978.566127041988,15.22843474962973,7.903577363001396,0.9923017543122882,0.12384356417979639
140,4528.113520077835,15.454677999537253,7.931826112907934,0.9923000883018879,0.12385691242746817
141,4978.565708956021,15.228434903809887,7.903576128205312,0.9923053877537031,0.12381444760193672
142,4528.1130121901915,15.45467793698073,7.931826613894185,0.9923034316723878,0.12383012352090604
143,4978.565242986851,15.228435084135628,7.903574684110375,0.992308026972106,0.1237932938681497
144,4528.112882731753,15.454677860718713,7.931827224597501,0.9923059109480176,0.12381025441224633
145,4978.564797750707,15.228435198655912,7.90357376706152,0.9923102060391527,0.123775825549799
146,4528.112535792422,15.454677817402795,7.931827571452306,0.9923079894411352,0.12379359471027526
147,4978.564597701915,15.228435311834197,7.903572860800042,0.9923119027725097,0.12376222208736123
148,4528.112243520054,15.454677764482433,7.931827995195595,0.9923095760907198,0.12378087573876655
149,4978.564460211101,15.228435422222784,7.903571976918634,0.9923132116832528,0.12375172693287265
150,4528.1118642177025,15.454677710699258,7.931828425827303,0.9923107971616599,0.12377108643132738
151,4978.563852179819,15.228435542647972,7.903571012721111,0.9923141653315829,0.12374407978680892
152,4528.11151738614,15.454677667410548,7.931828772414949,0.9923118094649386,0.12376297021492196
153,4978.563034556127,15.228435641310117,7.903570222806519,0.9923149614565743,0.12373769542640475
154,4528.110965556624,15.454677639275914,7.931828997663974,0.992312714822924,0.12375571098239582
155,4978.563032842503,15.228435741757659,7.903569418627139,0.992315606488035,0.12373252248411999
156,4528.110708731216,15.454677586387863,7.931829421074466,0.9923133051217422,0.12375097768649694
157,4978.562581477303,15.228435833722115,7.903568682394618,0.9923160783883425,0.12372873785819102
158,4528.110081521435,15.454677549832812,7.931829713714909,0.9923138275534837,0.12374678842763988
159,4978.562158359928,15.228435940261555,7.903567829513624,0.9923163886895549,0.12372624918795737
160,4528.109696472207,15.454677504087275,7.931830079913984,0.992314188864599,0.12374389107342965
161,4978.5618393014565,15.228436030163012,7.90356710985461,0.9923166327445958,0.12372429178793817
162,4528.109353469713,15.454677464262486,7.931830398704512,0.9923144681124396,0.12374165173750522
163,4978.561212754462,15.22843610710082,7.903566493991133,0.9923168166324984,0.1237228169269714
164,4528.108992424375,15.454677437328938,7.931830614296055,0.9923147413958502,0.12373946019151208
165,4978.560830478971,15.228436167959863,7.903566006846633,0.9923169965867562,0.12372137359825745
166,4528.108304179683,15.454677413094084,7.931830808280889,0.9923149666804679,0.12373765353335985
167,4978.560432441068,15.228436245816289,7.90356538366386,0.9923170746133683,0.123720747778078
168,4528.107390397276,15.454677379850251,7.931831074368786,0.992315094194915,0.12373663092607948
169,4978.560186605142,15.228436342170687,7.903564612445263,0.9923170409203661,0.12372101801653801
170,4528.107327968867,15.454677334018124,7.931831441200685,0.9923150918613567,0.12373664964022224
171,4978.56016527155,15.228436402173296,7.9035641322027645,0.9923170320014142,0.12372108955188027
172,4528.10732855939,15.454677303121315,7.931831688486047,0.9923150825736874,0.12373672412334182
173,4978.560798816979,15.228436440256656,7.903563827402219,0.9923170264939508,0.12372113372501795
174,4528.107287569479,15.454677271627139,7.931831940547471,0.9923149817434713,0.12373753273543893
175,4978.559736122792,15.228436481303941,7.903563498886593,0.9923169259034803,0.12372194051770555
176,4528.105317455883,15.454677269682136,7.93183195611391,0.9923150385369831,0.12373707727817779
177,4978.556829691439,15.22843657772192,7.903562727235802,0.9923167097964262,0.12372367380091635
178,4528.105342179473,15.454677258805587,7.931832043159579,0.9923151450775772,0.12373622286811024
179,4978.5569742136095,15.22843659031266,7.903562626471698,0.9923168154812354,0.12372282616065669
180,4528.104821324766,15.454677250769107,7.931832107475604,0.9923152323448804,0.12373552301714215
181,4978.556901720549,15.228436621045923,7.903562380514466,0.9923168410950669,0.12372262072518452
182,4528.104536630127,15.45467723580209,7.9318322272553266,0.992315262549825,0.1237352807839055
183,4978.556280770443,15.228436650417496,7.903562145457838,0.9923168399971634,0.12372262953091602
184,4528.1038951014225,15.454677227437916,7.93183229419228,0.9923153153193727,0.12373485758917799
185,4978.555862768692,15.228436683543787,7.903561880355746,0.9923168266927354,0.12372273623897857
186,4528.103641778458,15.454677214680558,7.931832396285804,0.9923153364265687,0.12373468831587169
187,4978.555611533794,15.228436707951776,7.9035616850265615,0.9923168236603659,0.12372276056006191
188,4528.102857028264,15.454677204655475,7.9318324765128825,0.9923153529087025,0.12373455613399761
189,4978.555449764886,15.22843674501694,7.9035613884095905,0.9923167706057282,0.12372318608336381
190,4528.102774841684,15.454677187185132,7.931832616319616,0.992315313654839,0.12373487093822236
191,4978.554699842384,15.228436769324533,7.903561193888794,0.9923167260703318,0.12372354327716982
192,4528.102032392232,15.454677181591046,7.931832661085925,0.9923153262702198,0.12373476976673543
193,4978.5543691227185,15.228436797327847,7.903560969795168,0.9923166789314547,0.1237239213509175
194,4528.101477727294,15.454677170118293,7.931832752894922,0.9923153035984599,0.1237349515872387
195,4978.5541494569525,15.228436826246332,7.903560738380626,0.9923166163230811,0.12372442349476023
196,4528.101213050144,15.454677157172789,7.931832856488174,0.9923152578806906,0.12373531822878425
197,4978.554039065064,15.228436849123879,7.903560555309551,0.9923165539147131,0.12372492403242104
198,4528.100812564605,15.454677146414676,7.93183294257649,0.9923152050239301,0.12373574212132672
199,4978.552926509841,15.228436872309816,7.90356036977249,0.9923164748975171,0.1237255577759317
200,4528.1004717714495,15.454677143211294,7.931832968210308,0.9923151990928564,0.1237357896863496
201,4978.55270307852,15.22843688429764,7.9035602738448425,0.9923164465908476,0.12372578480378822
202,4528.0995427502785,15.454677138760417,7.931833003826542,0.992315184810217,0.12373590422777463
203,4978.552329605529,15.228436910073867,7.90356006758254,0.9923163753270617,0.12372635635854666
204,4528.098078665181,15.45467712823146,7.931833088079205,0.9923151364000778,0.12373629245817541
205,4978.55195422545,15.228436951503571,7.903559736064736,0.99231624808703,0.12372737685120443
206,4528.098293898828,15.45467710961833,7.9318332370189575,0.9923150337015549,0.12373711605610328
207,4978.5518561720455,15.228436971044767,7.903559579699562,0.9923161600880289,0.12372808261728228
208,4528.098549607273,15.454677100309782,7.931833311503995,0.9923149540103581,0.1237377551413516
209,4978.550521406142,15.228436978062573,7.903559523544683,0.9923160960349673,0.12372859633052366
210,4528.097756927317,15.454677105165437,7.9318332726501675,0.992314960334288,0.12373770442658316
211,4978.550426652556,15.228436986362912,7.9035594571273435,0.9923160606268283,0.123728880307117
212,4528.096990625994,15.45467710152844,7.931833301752522,0.9923149305301479,0.12373794344075728
213,4978.549960120932,15.228437003874351,7.903559317005605,0.9923159945250336,0.12372941044793533
214,4528.09641283205,15.454677095306755,7.931833351536562,0.9923148880137698,0.12373828439985442
215,4978.549191854805,15.228437020903868,7.903559180740995,0.9923159265597508,0.12372995553164629
216,4528.0963523290875,15.45467709082459,7.931833387401254,0.9923148560373946,0.12373854083301908
217,4978.549128224634,15.228437027535264,7.903559127679005,0.9923158929354042,0.1237302251990643
218,4528.095405687323,15.45467708783281,7.931833411340361,0.992314826186596,0.12373878021972673
219,4978.54829699126,15.228437045308826,7.903558985462082,0.9923158232324227,0.12373078421540482
220,4528.095418825954,15.454677083008594,7.931833449941676,0.9923147925937582,0.12373904961493225
221,4978.548268794248,15.228437051254796,7.903558937885051,0.992315791167299,0.1237310413761134
222,4528.094751945763,15.454677080161517,7.931833472722704,0.9923147626845054,0.12373928946940879
223,4978.547372949852,15.228437064089842,7.903558835184995,0.9923157351247638,0.12373149083317354
224,4528.094453729224,15.45467707787967,7.931833490980934,0.9923147425751185,0.123739450734502
225,4978.5473057284435,15.228437070976407,7.903558780082115,0.9923157041446318,0.12373173929086949
226,4528.093995750263,15.454677074722474,7.931833516243204,0.9923147150761904,0.12373967125889336
227,4978.547042551046,15.228437080899932,7.903558700679238,0.9923156602408262,0.12373209139432452
228,4528.094496277443,15.454677070896178,7.931833546859166,0.9923146824679946,0.12373993275593446
229,4978.546163547636,15.228437079333403,7.903558713213756,0.9923156467953267,0.12373219922547507
230,4528.094909457153,15.4546770755125,7.931833509921822,0.9923147006297292,0.12373978711041711
231,4978.5454055094815,15.228437068040275,7.9035588035755575,0.9923156798859528,0.12373193384279986
232,4528.094469664687,15.45467708434181,7.931833439274023,0.9923147581420482,0.12373932589717906
233,4978.54311552825,15.228437062807497,7.90355884544575,0.992315717818677,0.12373162962639632
234,4528.091544007491,15.454677095318736,7.93183335144167,0.9923148625292523,0.12373848877189006
235,4978.543406689486,15.228437083258326,7.903558681807778,0.9923157204547274,0.12373160848552688
236,4528.091558194916,15.454677083988086,7.931833442103813,0.9923148568715681,0.12373853414340863
237,4978.54407055976,15.228437097471268,7.903558568083405,0.9923157161208677,0.1237316432426622
238,4528.090484208317,15.45467707447847,7.9318335181944235,0.9923148332953928,0.12373872321119571
239,4978.544267167015,15.228437120378967,7.9035583847897035,0.9923156620948319,0.12373207652543182
240,4528.090305498948,15.454677062154039,7.931833616806647,0.9923147745440377,0.1237391943630458
241,4978.543498596935,15.228437137731667,7.903558245945075,0.9923155997365634,0.12373257662986027
242,4528.089915382166,15.454677056069144,7.931833665493721,0.9923147356269456,0.12373950645458827
243,4978.543506315422,15.228437149168979,7.903558154431951,0.9923155511712836,0.12373296611506517
244,4528.08899377932,15.454677050259958,7.931833711974541,0.9923146878757632,0.12373988938910033
245,4978.543299919501,15.22843716493293,7.903558028300877,0.9923154801436507,0.12373353574223868
246,4528.089041174312,15.454677042986061,7.931833770174516,0.992314624359033,0.12374039875154381
247,4978.542234791939,15.228437173754816,7.903557957715297,0.9923154190662765,0.12373402556823268
248,4528.089021022545,15.454677042029827,7.931833777825519,0.9923145931717422,0.12374064885234559
249,4978.542432625847,15.228437175176744,7.903557946338198,0.9923153881023157,0.12373427389107111
250,4528.0872948113965,15.454677040703801,7.931833788435277,0.992314557771416,0.12374093273819681
251,4978.5417307116395,15.228437191312528,7.903557817233323,0.9923153111017449,0.12373489141324444
252,4528.087514049366,15.45467703473759,7.931833836171691,0.9923145003232403,0.12374139343096925
253,4978.5424675621025,15.228437197155667,7.903557770481693,0.992315260283646,0.12373529895789541
254,4528.087522338847,15.454677029485675,7.931833878192801,0.9923144323406471,0.12374193859989205
255,4978.5417325873195,15.228437203771628,7.903557717546813,0.9923151939199666,0.12373583117100435
256,4528.086492321299,15.454677028467474,7.931833886339504,0.992314386140422,0.12374230908932221
257,4978.540742993272,15.228437213097232,7.9035576429320304,0.9923151247361227,0.12373638599835114
258,4528.0866742447615,15.454677026694187,7.9318339005276775,0.9923143422696122,0.12374266089763492
259,4978.540117841023,15.228437213991922,7.903557635773567,0.9923150856914609,0.12373669912014221
260,4528.08611673739,15.45467702803806,7.931833889775286,0.9923143185427754,0.12374285116719745
261,4978.540534485676,15.22843721648843,7.90355761579889,0.9923150502751065,0.12373698314373527
262,4528.085534950254,15.454677025630058,7.9318339090418135,0.9923142747104352,0.12374320266545147
263,4978.540162630783,15.228437223775062,7.903557557498299,0.9923149948039285,0.12373742799686499
264,4528.086229432444,15.454677023002624,7.931833930063964,0.992314229152144,0.12374356800329739
265,4978.540115579371,15.228437222092127,7.903557570963492,0.9923149650526986,0.12373766658726676
266,4528.087188224872,15.454677024021722,7.9318339219101395,0.9923142017884208,0.1237437874360137
267,4978.539236204496,15.2284372135068,7.9035576396550065,0.9923149595277017,0.12373771089500506
268,4528.086693997205,15.454677030776368,7.931833867865862,0.9923142159232599,0.12374367408722868
269,4978.537737337557,15.228437208779638,7.90355767747734,0.9923149615884042,0.12373769436919367
270,4528.0851083825555,15.454677036953854,7.931833818439319,0.9923142482076123,0.1237434151951587
271,4978.53699638235,15.228437212486176,7.903557647821028,0.9923149590065662,0.12373771507425207
272,4528.08408485949,15.454677036848507,7.931833819282197,0.9923142596857983,0.12374332315008402
273,4978.538208331174,15.228437219528201,7.903557591477287,0.9923149504701183,0.1237377835323011
274,4528.083898986253,15.454677030409423,7.931833870801641,0.9923142281231008,0.12374357625531529
275,4978.538086792591,15.228437228929405,7.903557516257925,0.9923149160126358,0.12373805986371265
276,4528.083700862071,15.45467702595822,7.93183390641579,0.9923141967640485,0.12374382772696584
277,4978.538367862602,15.228437235874543,7.903557460689834,0.9923148817760618,0.1237383344229296
278,4528.082928706177,15.454677021765036,7.931833939965443,0.992314157660441,0.12374414130232479
279,4978.5377871190885,15.228437246051383,7.903557379265173,0.9923148290553231,0.12373875721416086
280,4528.083225637923,15.454677018053934,7.931833969657826,0.9923141175623936,0.12374446285134542
281,4978.53776596532,15.22843724894659,7.903557356100762,0.9923147952365958,0.12373902842091805
282,4528.0827458634,15.454677016658572,7.931833980822037,0.9923140849685277,0.12374472422319112
283,4978.536808502376,15.228437253684547,7.903557318192634,0.9923147542733509,0.12373935692179285
284,4528.081883626726,15.454677016520241,7.931833981928814,0.9923140627434706,0.12374490244671699
285,4978.53684275554,15.228437258989816,7.903557275745553,0.9923147173739137,0.1237396528325893
286,4528.082330610728,15.454677013778142,7.931834003868136,0.992314026249813,0.12374519509009466
287,4978.536664739766,15.228437259869082,7.903557268710624,0.9923146893001322,0.12373987796657233
288,4528.081894479103,15.454677013755795,7.931834004046934,0.9923140021623146,0.12374538824784632
289,4978.537054279416,15.228437262470257,7.903557247898862,0.9923146582292697,0.1237401271347636
290,4528.081402484438,15.454677011565154,7.931834021574047,0.992313964782362,0.12374568799723439
291,4978.5367091670005,15.228437268084162,7.903557202982573,0.9923146130909317,0.12374048911409058
292,4528.081394826577,15.454677009528686,7.931834037867602,0.9923139268721803,0.1237459919977732
293,4978.537114059303,15.228437270734721,7.903557181775752,0.9923145758716603,0.12374078758698383
294,4528.081361177877,15.454677007272533,7.931834055918801,0.9923138831417003,0.12374634267015681
295,4978.537559024557,15.228437273808638,7.9035571571817504,0.9923145324787697,0.12374113556712148
296,4528.081106869271,15.454677004684937,7.931834076621814,0.9923138325402516,0.12374674843921069
297,4978.536993962637,15.228437278532141,7.903557119389677,0.9923144784497661,0.12374156883993767
298,4528.080790807715,15.454677003636284,7.931834085011922,0.9923137902559372,0.12374708751278025
299,4978.5362946468995,15.228437281621435,7.903557094672713,0.9923144315421317,0.12374194500336629
300,4528.080707634536,15.454677003672014,7.931834084726052,0.9923137569130701,0.12374735488513837
301,4978.53547827889,15.228437282046254,7.903557091273803,0.9923143972842856,0.12374221972441396
302,4528.079200425837,15.454677005246534,7.931834072128569,0.9923137373524213,0.12374751173930525
303,4978.535358871097,15.22843728795707,7.90355704398233,0.9923143542600406,0.12374256474422499
304,4528.080054494644,15.454677002522153,7.931834093925874,0.9923136974067502,0.12374783205755353
305,4978.5354971986735,15.228437287032513,7.903557051379553,0.9923143283535284,0.12374277249312732
306,4528.079292555392,15.454677002712076,7.931834092406332,0.9923136698350515,0.12374805315031062
307,4978.534663428762,15.228437290738734,7.903557021726731,0.9923142892894774,0.12374308575398998
308,4528.079309832033,15.454677002592598,7.931834093362249,0.9923136454297075,0.12374824885227656
309,4978.534813361796,15.228437290814373,7.9035570211215465,0.9923142655655671,0.12374327599942166
310,4528.079309836697,15.454677002258206,7.931834096037649,0.9923136198581811,0.12374845390530462
311,4978.535170437825,15.228437291252495,7.903557017616205,0.992314240578577,0.12374347637335091
312,4528.079209419579,15.454677001311067,7.931834103615537,0.9923135896711602,0.12374869596862892
313,4978.535632681936,15.228437292978318,7.903557003808229,0.9923142094815459,0.12374372574403322
314,4528.079236217008,15.454676999472925,7.931834118322162,0.9923135517028976,0.1237490004273996
315,4978.535243103469,15.228437295189515,7.903556986116871,0.9923141725242629,0.12374402210809039
316,4528.078398215551,15.454676999191921,7.931834120570414,0.9923135219893773,0.12374923869275971
317,4978.534533840396,15.228437299705814,7.9035569499829,0.9923141306698825,0.12374435774157581
318,4528.078800102468,15.454676998383029,7.931834127042194,0.9923134925963872,0.12374947438740719
319,4978.533637220698,15.228437298776917,7.903556957414794,0.992314107640346,0.12374454241680315
320,4528.077738115454,15.45467700064118,7.931834108975189,0.9923134839812047,0.12374954347020188
321,4978.5333696257685,15.228437301031459,7.9035569393766725,0.9923140836063119,0.12374473514685418
322,4528.07701858805,15.454677000024121,7.931834113912141,0.992313464449109,0.12374970009259441
323,4978.533985051792,15.228437305150432,7.903556906421654,0.9923140544891607,0.12374496863825674
324,4528.0767161488975,15.45467699675546,7.931834140063971,0.9923134265503499,0.12375000399152707
325,4978.533454993467,15.228437310685212,7.903556862139184,0.9923140130893706,0.123745300623774
326,4528.076864773728,15.454676994996207,7.93183415413932,0.9923133939965193,0.12375026503045915
327,4978.533203828449,15.22843731226575,7.903556849493686,0.9923139830683078,0.12374554136254898
328,4528.0771147800615,15.454676994689331,7.931834156594571,0.9923133684864965,0.1237504695869174
329,4978.533202228725,15.228437311529097,7.903556855387474,0.9923139613433448,0.12374571557463712
330,4528.076380884468,15.454676995070923,7.931834153541546,0.9923133472613792,0.12375063978387084
331,4978.533107841016,15.228437314342534,7.903556832877871,0.9923139304718349,0.12374596313229062
332,4528.077528481375,15.454676993838543,7.931834163401501,0.992313318601179,0.12375086959983293
333,4978.532898620846,15.22843731072512,7.903556861819884,0.9923139181372123,0.12374606204309692
334,4528.077703953129,15.454676996076056,7.931834145499711,0.9923133098603618,0.12375093968925438
335,4978.53280968083,15.228437307064738,7.903556891105729,0.9923139119850951,0.1237461113766289
336,4528.077595682287,15.454676998104057,7.9318341292741446,0.9923133053143549,0.12375097614200713
337,4978.5327962969295,15.228437304995483,7.90355690766137,0.9923139059040713,0.12374616014004536
338,4528.07692195865,15.454676999181054,7.93183412065734,0.9923132996310707,0.12375102171415307
339,4978.532224227496,15.228437306727109,7.903556893807012,0.9923138910806328,0.1237462790083564
340,4528.075844110952,15.454676999366079,7.931834119176984,0.9923132932906407,0.12375107255568739
341,4978.532223843907,15.228437311244072,7.903556857667837,0.9923138703603595,0.12374644516285618
342,4528.075863439866,15.454676997087754,7.931834137405326,0.992313272910153,0.12375123597904134
343,4978.532133252887,15.228437314070579,7.903556835053649,0.9923138505803513,0.12374660377722106
344,4528.075122818676,15.454676995828063,7.931834147483806,0.9923132547663276,0.12375138146726859
345,4978.531810046211,15.228437318814482,7.903556797098902,0.9923138232459564,0.12374682296928978
346,4528.075349876391,15.454676994014648,7.931834161992455,0.9923132324368693,0.12375156051820792
347,4978.531732434849,15.228437320181598,7.903556786160962,0.9923138041632393,0.12374697599165997
348,4528.076158043199,15.454676993470617,7.931834166345102,0.9923132149777543,0.12375170051564068
349,4978.53174549134,15.228437317420171,7.903556808254401,0.9923137974981011,0.1237470294386797
350,4528.0756715553725,15.454676994850718,7.9318341553032665,0.9923132084261671,0.12375175305007276
351,4978.531326611786,15.228437317766204,7.903556805485884,0.9923137846810067,0.12374713221750566
352,4528.0756765372025,15.454676995414562,7.9318341507921,0.9923132015709936,0.12375180801881093
353,4978.532119619531,15.228437317034194,7.903556811342513,0.992313778143729,0.12374718463915978
354,4528.075221472956,15.454676994398092,7.931834158924622,0.9923131844682185,0.12375194515862624
355,4978.532271174063,15.228437320254736,7.903556785575808,0.9923137554749814,0.12374736641698347
356,4528.075183757968,15.454676992501033,7.931834174102472,0.9923131600762393,0.12375214074717185
357,4978.53174061558,15.22843732283493,7.903556764932386,0.9923137309858551,0.12374756279188763
358,4528.075995106564,15.454676992152379,7.931834176891954,0.9923131435323458,0.1237522734051952
359,4978.531808258929,15.228437319837116,7.903556788917066,0.9923137252437177,0.12374760883724267
360,4528.075509041487,15.454676993555474,7.931834165666184,0.9923131371125038,0.12375232488297411
361,4978.53012400328,15.228437320133704,7.903556786544157,0.9923137124204242,0.12374771166528853
362,4528.074220681291,15.45467699626957,7.931834143951429,0.9923131466149306,0.12375224868734844
363,4978.530869876487,15.228437321977877,7.903556771789422,0.9923137057085651,0.12374776548663391
364,4528.074441147064,15.45467699410857,7.931834161241,0.9923131306027778,0.12375237708147084
365,4978.53090112867,15.2284373238514,7.903556756799873,0.9923136926794921,0.12374786996465947
366,4528.074454266016,15.454676993112544,7.931834169209921,0.992313117397397,0.12375248296927158
367,4978.530514162636,15.228437325072681,7.903556747028742,0.9923136798466763,0.12374797286884319
368,4528.074105877581,15.454676993149498,7.931834168914261,0.9923131098471014,0.12375254351153481
369,4978.5311073379735,15.228437326426587,7.903556736196521,0.9923136682592587,0.1237480657863148
370,4528.07459546356,15.454676991473205,7.931834182325793,0.9923130908697482,0.12375269568185893
371,4978.530804148539,15.228437326600712,7.903556734803397,0.9923136556208121,0.1237481671317204
372,4528.074315224502,15.454676991905531,7.931834178866887,0.9923130824957967,0.12375276282851286
373,4978.530814171238,15.228437327184087,7.903556730135989,0.9923136438802691,0.12374826127692626
374,4528.074081772364,15.454676991597307,7.9318341813329,0.9923130708702855,0.12375285604778526
375,4978.531007843483,15.228437328514024,7.903556719495546,0.9923136296892014,0.12374837507233015
376,4528.074461924736,15.454676990604408,7.931834189276792,0.9923130545092933,0.12375298723843531
377,4978.530790101816,15.228437328262048,7.90355672151154,0.9923136182491914,0.12374846680746404
378,4528.074562147449,15.454676991107346,7.931834185252927,0.9923130462539566,0.12375305343381665
379,4978.531151074905,15.228437327220304,7.903556729846233,0.9923136114225186,0.1237485215491437
380,4528.0744091477645,15.454676991026473,7.931834185899977,0.9923130349064736,0.12375314442350076
381,4978.530971688535,15.228437327946065,7.903556724039631,0.9923135983401795,0.12374862645364999
382,4528.074510549881,15.454676990971745,7.931834186337835,0.9923130245096857,0.12375322778998425
383,4978.529817724372,15.22843732761118,7.90355672671893,0.9923135893355719,0.12374869865963785
384,4528.073062307627,15.45467699305126,7.931834169700236,0.9923130303302957,0.12375318111751965
385,4978.52970489164,15.228437330639117,7.903556702493297,0.9923135776096089,0.12374879268751879
386,4528.073158028448,15.454676991706917,7.9318341804559385,0.9923130202204294,0.12375326218330368
387,4978.529829409358,15.228437331993995,7.903556691653337,0.9923135688430555,0.12374886298450719
388,4528.073227664727,15.45467699082832,7.931834187485324,0.9923130101175661,0.12375334319288178
389,4978.529921391397,15.228437332853133,7.903556684779639,0.9923135597562184,0.12374893584973687
390,4528.073277519846,15.454676990251192,7.93183419210275,0.9923130000965482,0.12375342354613007
391,4978.529988299678,15.228437333402628,7.903556680383304,0.9923135505005481,0.12374901006875134
392,4528.073312626158,15.454676989870057,7.9318341951520965,0.9923129902150849,0.1237535027803127
393,4978.530036177411,15.228437333757944,7.9035566775405295,0.9923135411958335,0.12374908468099852
394,4528.073322598069,15.454676989617225,7.931834197174934,0.992312980519313,0.12375358052548496
395,4978.53006986378,15.228437334046246,7.903556675233914,0.9923135317652925,0.12374916030216938
396,4528.0733644851425,15.454676989420678,7.931834198747446,0.992312970873166,0.12375365787269214
397,4978.528780499292,15.228437334137924,7.90355667450043,0.9923135226896356,0.12374923307756654
398,4528.072001640934,15.454676991413699,7.931834182801905,0.9923129775935403,0.12375360398566893
399,4978.528800421231,15.228437336690144,7.903556654080908,0.9923135136197129,0.12374930580694157
400,4528.072006027327,15.454676990095697,7.931834193346822,0.9923129684080733,0.1237536776389226
401,4978.528809896334,15.228437338357182,7.903556640743475,0.9923135046332143,0.12374937786731566
402,4528.072013712399,15.45467698924094,7.931834200185453,0.9923129594472163,0.12375374949110603
403,4978.528820276303,15.22843733942085,7.903556632233407,0.9923134958919384,0.12374944796127488
404,4528.0720155835925,15.45467698868846,7.931834204605672,0.9923129507188063,0.123753819479383
405,4978.528827090732,15.228437340120049,7.903556626639342,0.9923134873065507,0.1237495168051667
406,4528.072017420946,15.454676988325648,7.931834207508414,0.992312942194156,0.1237538878337866
407,4978.528830839392,15.228437340576583,7.903556622986763,0.9923134789192898,0.12374958406029547
408,4528.072017833581,15.454676988089892,7.931834209394617,0.9923129339032899,0.1237539543135697
409,4978.5288338864575,15.22843734087633,7.903556620588594,0.9923134707423327,0.123749649629022
410,4528.072018045604,15.454676987934235,7.931834210639978,0.9923129258292651,0.1237540190545876
411,4978.5288357865065,15.228437341074557,7.903556619002634,0.9923134627749911,0.1237497135168654
412,4528.072018191589,15.454676987831471,7.931834211462152,0.9923129179757382,0.12375408202752693
413,4978.527547692878,15.228437341205012,7.903556617958904,0.9923134549700882,0.12374977610212742
414,4528.070662929091,15.454676989692368,7.931834196573723,0.9923129250680203,0.12375402515857716
415,4978.5275483451705,15.22843734361663,7.9035565986643475,0.9923134471842175,0.12374983853474338
416,4528.07066299882,15.454676988473256,7.931834206327436,0.9923129173534285,0.12375408701747093
417,4978.5275482834095,15.228437345171809,7.903556586221888,0.9923134395900326,0.12374989943025567
418,4528.0706630396435,15.454676987687758,7.931834212611943,0.9923129098537141,0.12375414715335642
419,4978.527548727492,15.22843734617578,7.9035565781894705,0.9923134321929883,0.12374995874492989
420,4528.070663063201,15.45467698717999,7.931834216674421,0.99231290255458,0.12375420568087614
421,4978.527548694466,15.228437346823547,7.903556573006907,0.9923134249936121,0.12375001647453186
422,4528.070663069222,15.454676986852848,7.931834219291782,0.9923128954629433,0.12375426254456817
423,4978.52754894248,15.228437347240938,7.903556569667516,0.9923134179953516,0.12375007259142441
424,4528.070663080756,15.454676986641667,7.931834220981374,0.9923128885709476,0.12375431780742972
425,4978.527548939672,15.228437347510342,7.903556567512116,0.9923134111917409,0.12375012714745377
426,4528.070663083518,15.454676986505598,7.931834222070016,0.9923128818763278,0.12375437148762619
427,4978.527549089302,15.228437347683949,7.903556566123138,0.9923134045815205,0.12375018015272375
428,4528.070663089032,15.454676986417695,7.931834222773291,0.9923128753721583,0.12375442364069099
429,4978.527549080717,15.228437347797549,7.90355656521427,0.9923133981538352,0.12375023169428055
430,4528.070663090202,15.454676986360331,7.931834223232237,0.9923128690505124,0.12375447433018508
431,4978.527549079972,15.228437347871587,7.903556564621902,0.9923133919076398,0.12375028178050693
432,4528.07066309097,15.454676986322937,7.931834223531415,0.9923128629080885,0.12375452358258751
433,4978.527549079501,15.228437347919671,7.9035565642371965,0.992313385839537,0.1237503304386455
434,4528.070663081194,15.45467698629865,7.931834223725715,0.9923128569413245,0.1237545714264574
435,4978.527549079212,15.228437347950816,7.9035565639880145,0.9923133799453416,0.12375037770225952
436,4528.070663083451,15.454676986282921,7.931834223851562,0.9923128511459183,0.12375461789629658
437,4978.527549159711,15.228437347970882,7.903556563827474,0.9923133742208206,0.12375042360529381
438,4528.070663083675,15.45467698627267,7.931834223933571,0.992312845516667,0.12375466303382579
439,4978.527549159601,15.228437347983958,7.9035565637228595,0.9923133686601799,0.12375046819420879
440,4528.07066308381,15.454676986266827,7.931834223980315,0.9923128400553981,0.12375470682438715
441,4978.527549159561,15.228437347991276,7.9035565636642975,0.9923133632658533,0.12375051144949167
442,4528.070663083902,15.45467698626313,7.931834224009888,0.99231283475192,0.12375474934970561
443,4978.527549159549,15.228437347995666,7.903556563629184,0.9923133580279488,0.12375055345046293
444,4528.070663083964,15.454676986260914,7.931834224027619,0.9923128296022832,0.12375479064145327
445,4978.527549159559,15.22843734799772,7.903556563612735,0.9923133529433562,0.1237505942220637
446,4528.0706630839995,15.454676986259877,7.931834224035923,0.9923128246034393,0.12375483072407319
447,4978.527549159569,15.228437347999046,7.90355656360214,0.9923133480052443,0.12375063381907579
448,4528.0706630839895,15.4546769862598,7.931834224036545,0.9923128197531417,0.1237548696155794
449,4978.527549109404,15.22843734799777,7.903556563612351,0.9923133432180643,0.1237506722058028
450,4528.070663084014,15.454676986261015,7.93183422402682,0.9923128150511353,0.12375490731801865
451,4978.527549109538,15.22843734799622,7.903556563624753,0.9923133385731596,0.12375070945166296
452,4528.070663084046,15.454676986260749,7.931834224028945,0.9923128104766284,0.12375494399810721
453,4978.527549109744,15.228437347994703,7.903556563636879,0.9923133340600375,0.12375074564079278
454,4528.070663080815,15.45467698626077,7.931834224028766,0.9923128060339927,0.12375497962079514
455,4978.527549109924,15.228437347994685,7.903556563637013,0.9923133296713833,0.12375078083184989
456,4528.070663066364,15.454676986260779,7.931834224028696,0.9923128017193824,0.12375501421691902
457,4978.527549110014,15.228437347994724,7.903556563636713,0.9923133254090849,0.12375081500969456
458,4528.070663066423,15.454676986260761,7.9318342240288455,0.9923127975289995,0.12375504781693013
459,4978.527549109638,15.228437347994719,7.903556563636759,0.9923133212697445,0.12375084820157323
460,4528.070663066483,15.454676986260765,7.931834224028818,0.9923127934594763,0.1237550804478369
461,4978.527549106409,15.2284373479948,7.903556563636105,0.9923133172494348,0.12375088043898014
462,4528.0706630664445,15.454676986260726,7.93183422402913,0.9923127895070154,0.12375511214008693
463,4978.527549089969,15.22843734799485,7.903556563635705,0.9923133133450224,0.12375091174703944
464,4528.0706630666355,15.454676986260711,7.931834224029249,0.9923127856685593,0.12375514291820072
465,4978.527549090088,15.228437347994868,7.903556563635561,0.9923133095532357,0.12375094215198609
466,4528.070663066693,15.454676986260655,7.931834224029698,0.9923127819403272,0.12375517281248831
467,4978.527549090108,15.228437347995166,7.903556563633169,0.9923133058696136,0.12375097168959409
468,4528.070663061526,15.454676986260585,7.931834224030242,0.9923127783194836,0.12375520184568903
469,4978.52754909025,15.228437347995266,7.903556563632371,0.9923133022927578,0.12375100037107374
470,4528.070663061586,15.454676986260536,7.931834224030648,0.9923127748029744,0.12375523004229598
471,4978.527549089393,15.228437347995332,7.9035565636318506,0.9923132988189939,0.12375102822589439
472,4528.070663061452,15.454676986260367,7.931834224032001,0.9923127713867749,0.12375525743457644
473,4978.527549089522,15.228437347995515,7.903556563630395,0.9923132954443947,0.12375105528554113
474,4528.07066303699,15.454676986260504,7.931834224030913,0.9923127680708308,0.12375528402296859
475,4978.52754908363,15.22843734799468,7.9035565636370775,0.9923132921708112,0.12375108153517844
476,4528.070663035482,15.454676986260933,7.931834224027471,0.9923127648525624,0.12375530982815729
477,4978.527549083779,15.228437347994134,7.9035565636414296,0.9923132889916473,0.12375110702769268
478,4528.070663035512,15.454676986261193,7.931834224025384,0.9923127617268629,0.12375533489109117
479,4978.527549083661,15.228437347995003,7.903556563634474,0.9923132859002163,0.12375113181670595
480,4528.070663035608,15.45467698626045,7.93183422403132,0.99231275868525,0.12375535927978538
481,4978.527549056062,15.228437347995813,7.903556563627986,0.9923132828960095,0.12375115590629385
482,4528.07066302641,15.454676986260077,7.9318342240343025,0.9923127557319609,0.12375538296026593
483,4978.527549054377,15.22843734799664,7.903556563621362,0.99231327997754,0.12375117930838522
484,4528.070663026105,15.45467698625961,7.931834224038041,0.9923127528623399,0.12375540596985898
485,4978.527549054495,15.22843734799724,7.903556563616576,0.9923132771428139,0.12375120203896554
486,4528.070663026192,15.454676986259305,7.931834224040486,0.9923127500754038,0.12375542831645478
487,4978.527549054639,15.228437347997628,7.903556563613467,0.9923132743897013,0.1237512241151137
488,4528.07066302618,15.454676986259594,7.931834224038172,0.9923127473724322,0.12375544998979114
489,4978.5275490436825,15.22843734799687,7.903556563619529,0.992313271720757,0.12375124551634831
490,4528.0706629825445,15.454676986260122,7.931834224033952,0.992312744749627,0.12375547102032074
491,4978.527549043876,15.22843734799636,7.903556563623614,0.9923132691293284,0.12375126629600568
492,4528.070662982633,15.45467698626038,7.931834224031887,0.9923127422019367,0.12375549144855391
493,4978.527549044056,15.228437347994774,7.903556563636306,0.9923132666164888,0.12375128644548897
494,4528.070662981936,15.454676986261022,7.93183422402674,0.9923127397302517,0.12375551126734415
495,4978.527549040695,15.22843734799478,7.903556563636254,0.9923132641722815,0.1237513060446303
496,4528.07066298207,15.454676986260518,7.931834224030767,0.9923127373234563,0.12375553056582632
497,4978.527548995203,15.228437347995284,7.903556563632213,0.9923132617951671,0.12375132510578009
498,4528.070662965784,15.454676986260324,7.931834224032314,0.9923127349869044,0.12375554930106873
499,4978.527548995419,15.22843734799559,7.903556563629765,0.9923132594868457,0.12375134361529969
500,4528.070662965907,15.454676986260166,7.931834224033583,0.9923127327174925,0.12375556749796017
501,4978.527548994682,15.228437347995794,7.903556563628136,0.9923132572450206,0.12375136159161049
502,4528.070662960534,15.45467698626001,7.931834224034841,0.9923127305130681,0.1237555851737569
503,4978.527548994884,15.22843734799597,7.903556563626731,0.9923132550674177,0.12375137905294636
504,4528.070662960653,15.454676986260258,7.931834224032848,0.9923127283747267,0.12375560231967583
505,4978.52754897645,15.22843734799542,7.903556563631128,0.99231325295578,0.12375139598533115
506,4528.070662959228,15.454676986260562,7.931834224030423,0.9923127262989231,0.12375561896414475
507,4978.527548976643,15.228437347995028,7.90355656363427,0.9923132509052169,0.12375141242798086
508,4528.070662959002,15.45467698626045,7.931834224031317,0.9923127242805732,0.12375563514792826
509,4978.527548970611,15.228437347995413,7.90355656363118,0.9923132489106529,0.12375142842159226
510,4528.070662959064,15.454676986260264,7.931834224032809,0.9923127223197111,0.12375565087075492
511,4978.527548969045,15.2284373479953,7.903556563632086,0.9923132469746785,0.12375144394539785
512,4528.070662931276,15.454676986260518,7.931834224030769,0.9923127204179026,0.12375566612006704
513,4978.527548969312,15.22843734799508,7.903556563633855,0.9923132450956577,0.12375145901251171
514,4528.070662921554,15.454676986260488,7.931834224031025,0.9923127185694839,0.12375568094128112
515,4978.5275488952275,15.228437347995014,7.903556563634392,0.9923132432700229,0.12375147365154307
516,4528.070662918777,15.454676986260623,7.931834224029945,0.9923127167754221,0.12375569532664324
517,4978.527548895452,15.228437347994802,7.90355656363608,0.9923132414978867,0.12375148786158871
518,4528.07066291805,15.45467698626067,7.9318342240295605,0.9923127150327423,0.12375570930000693
519,4978.52754886432,15.228437347994726,7.903556563636683,0.9923132397764215,0.12375150166532127
520,4528.070662918185,15.454676986260731,7.9318342240290765,0.9923127133404025,0.12375572286972487
521,4978.527548853319,15.22843734799657,7.9035565636219385,0.9923132380987029,0.12375151511826854
522,4528.0706629183505,15.454676986259809,7.93183422403645,0.9923127116910226,0.123755736094977
523,4978.527548850187,15.228437347997746,7.903556563612529,0.9923132364693945,0.12375152818303256
524,4528.070662918488,15.45467698625922,7.931834224041177,0.9923127100892041,0.12375574893886457
525,4978.527548849388,15.2284373479985,7.903556563606497,0.9923132348870637,0.12375154087109952
526,4528.070662918605,15.45467698625884,7.931834224044215,0.992312708533461,0.12375576141330397
527,4978.527548849559,15.228437348000638,7.903556563589394,0.9923132333451227,0.12375155323529494
528,4528.070662918716,15.454676986257759,7.931834224052853,0.9923127070173968,0.12375577356958277
529,4978.527548849725,15.22843734800322,7.903556563568724,0.9923132318438379,0.12375156527348623
530,4528.070662846755,15.454676986255691,7.93183422406939,0.9923127055354288,0.12375578545246795
531,4978.527548849944,15.22843734800726,7.903556563536397,0.9923132303755844,0.1237515770468091
532,4528.070662846938,15.454676986253649,7.931834224085721,0.9923127040918478,0.12375579702755234
533,4978.527548850159,15.228437348009635,7.903556563517394,0.9923132289503088,0.12375158847551049
534,4528.07066284709,15.45467698625245,7.931834224095322,0.9923127026905587,0.12375580826352725
535,4978.527548850378,15.228437348009004,7.90355656352244,0.9923132275727817,0.12375159952133487
536,4528.070662847198,15.454676986252768,7.931834224092772,0.9923127013362886,0.12375581912248697
537,4978.527548850563,15.228437348008597,7.903556563525684,0.9923132262349958,0.12375161024848973
538,4528.070662847321,15.454676986252334,7.931834224096238,0.9923127000162452,0.12375582970700602
539,4978.527548850749,15.228437348007562,7.903556563533971,0.9923132249359261,0.12375162066519389
540,4528.070662847518,15.454676986251986,7.931834224099023,0.9923126987324677,0.12375584000073274
541,4978.527548769964,15.228437348008008,7.903556563530407,0.9923132236675264,0.12375163083596798
542,4528.0706628469825,15.45467698625273,7.9318342240930635,0.9923126974929262,0.12375584993976009
543,4978.5275487705985,15.228437348005166,7.903556563553145,0.9923132224488086,0.12375164060836338
544,4528.070662834187,15.454676986254833,7.931834224076246,0.9923126962999151,0.12375585950569062
545,4978.527548771153,15.228437348002528,7.9035565635742575,0.9923132212701254,0.12375165005973479
546,4528.07066280369,15.454676986256167,7.931834224065578,0.9923126951411644,0.12375586879691264
547,4978.52754877146,15.228437348000863,7.903556563587575,0.9923132201253219,0.12375165923944076
548,4528.070662725662,15.454676986257008,7.9318342240588535,0.9923126940156807,0.12375587782138651
549,4978.527548767828,15.22843734800008,7.903556563593849,0.9923132190126082,0.12375166816183003
550,4528.070662725639,15.4546769862574,7.931834224055719,0.992312692921721,0.12375588659309236
551,4978.527548756634,15.228437347999426,7.9035565635990785,0.9923132179324088,0.1237516768234985
552,4528.07066272454,15.454676986257722,7.931834224053143,0.9923126918596281,0.1237558951092776
553,4978.527548722549,15.228437347999295,7.903556563600134,0.992313216882338,0.12375168524358099
554,4528.070662719385,15.454676986257773,7.931834224052738,0.9923126908271533,0.123755903387977
555,4978.527548722953,15.228437347999245,7.903556563600528,0.9923132158623684,0.12375169342229102
556,4528.070662719513,15.454676986257798,7.931834224052538,0.992312689824395,0.12375591142839978
557,4978.527548636479,15.228437347999192,7.903556563600955,0.9923132148717426,0.12375170136570575
558,4528.070662701367,15.454676986258576,7.931834224046307,0.9923126888562107,0.12375591919159673
559,4978.527548635437,15.228437347997632,7.9035565636134235,0.9923132139170634,0.12375170902088055
560,4528.0706627010095,15.454676986259363,7.931834224040009,0.9923126879175729,0.12375592671788191
561,4978.527548629664,15.228437347997684,7.9035565636130185,0.9923132129864859,0.12375171648279078
562,4528.070662645919,15.454676986259333,7.931834224040257,0.9923126870026318,0.12375593405415827
563,4978.527548630096,15.228437347997927,7.903556563611077,0.9923132120820405,0.12375172373516073
564,4528.070662646216,15.45467698625921,7.931834224041235,0.9923126861134434,0.12375594118393878
565,4978.5275486097835,15.228437347998078,7.903556563609869,0.9923132112037527,0.12375173077778166
566,4528.070662636164,15.454676986258365,7.931834224048,0.992312685244103,0.12375594815457434
567,4978.527548609613,15.228437347998037,7.903556563610189,0.9923132103484682,0.12375173763594968
568,4528.070662508919,15.454676986258384,7.93183422404784,0.9923126844031999,0.1237559548971906
569,4978.527548548282,15.228437347998454,7.903556563606854,0.9923132095163045,0.12375174430871974
570,4528.070662508056,15.454676986258242,7.931834224048982,0.9923126835855849,0.12375596145307499
571,4978.527548548939,15.228437347998643,7.9035565636053535,0.9923132087086173,0.1237517507852247
572,4528.070662475736,15.454676986258148,7.931834224049742,0.9923126827915018,0.12375596782027387
573,4978.527548537742,15.228437347998558,7.903556563606039,0.9923132079248242,0.12375175707013071
574,4528.070662470485,15.454676986258198,7.931834224049343,0.9923126820209797,0.12375597399855108
575,4978.527548397024,15.22843734799844,7.903556563606971,0.9923132071637745,0.12375176317266916
576,4528.070662470833,15.454676986258317,7.931834224048391,0.992312681273108,0.12375597999521158
577,4978.5275483975865,15.228437348000003,7.903556563594468,0.9923132064196759,0.12375176913928015
578,4528.07066236108,15.4546769862575,7.931834224054927,0.9923126805411832,0.12375598586400419
579,4978.527548355783,15.2284373480024,7.903556563575292,0.9923132056924463,0.12375177497062734
580,4528.070662361525,15.454676986256343,7.931834224064175,0.992312679826584,0.12375599159387429
581,4978.527548355903,15.22843734800311,7.903556563569597,0.9923132049889252,0.1237517806118661
582,4528.0706623618335,15.454676986255985,7.931834224067044,0.9923126791349565,0.1237559971395522
583,4978.527548356519,15.228437348002231,7.903556563576636,0.9923132043098901,0.12375178605675917
584,4528.070662351465,15.454676986255656,7.931834224069668,0.9923126784615026,0.1237560025395068
585,4978.527548354214,15.22843734800269,7.903556563572957,0.9923132036444967,0.12375179139226984
586,4528.070662294809,15.454676986255352,7.931834224072093,0.9923126778067586,0.12375600778944014
587,4978.527548235831,15.228437348003208,7.90355656356881,0.9923132029971738,0.12375179658287788
588,4528.070662290187,15.45467698625564,7.931834224069795,0.9923126771744574,0.12375601285942053
589,4978.527548236635,15.228437348003608,7.903556563565619,0.9923132023700679,0.12375180161137427
590,4528.0706622904645,15.454676986256127,7.931834224065901,0.992312676563262,0.12375601776016722
591,4978.527548225203,15.228437348000755,7.903556563588436,0.9923132017732007,0.12375180639739822
592,4528.070662255146,15.454676986257557,7.9318342240544615,0.9923126759764288,0.12375602246557094
593,4978.527548162624,15.228437347999035,7.9035565636022,0.9923132011931172,0.12375181104884257
594,4528.07066225553,15.454676986258386,7.931834224047824,0.9923126754058832,0.1237560270403766
595,4978.527548163007,15.228437347997108,7.903556563617625,0.9923132006321855,0.12375181554671368
596,4528.070662089436,15.454676986259349,7.931834224040121,0.9923126748543042,0.12375603146309963
597,4978.527547936187,15.228437347996326,7.903556563623871,0.9923132000858391,0.12375181992763361
598,4528.070662089645,15.454676986259704,7.931834224037276,0.9923126743167622,0.12375603577327207
599,4978.527547897149,15.22843734799751,7.903556563614402,0.9923131995497243,0.12375182422650903
600,4528.070662080973,15.454676986259095,7.931834224042146,0.9923126737895779,0.12375604000039263
601,4978.527547898097,15.228437347998252,7.903556563608458,0.9923131990290672,0.12375182840143707
602,4528.070661979483,15.454676986258718,7.9318342240451525,0.9923126732776454,0.12375604410522063
603,4978.527547877527,15.228437347998554,7.903556563606034,0.9923131985238995,0.12375183245216223
604,4528.0706619799375,15.454676986258566,7.931834224046373,0.9923126727809982,0.12375604808748336
605,4978.527547716916,15.22843734799875,7.903556563604475,0.9923131980332306,0.12375183638662639
606,4528.070661919018,15.454676986258479,7.93183422404708,0.9923126722986515,0.12375605195508232
607,4978.52754770761,15.22843734799879,7.903556563604151,0.9923131975569667,0.12375184020558498
608,4528.07066188537,15.45467698625846,7.931834224047224,0.9923126718302926,0.12375605571052188
609,4978.527547596185,15.228437348000378,7.903556563591454,0.9923131970894535,0.12375184395437301
610,4528.070661885692,15.454676986257082,7.931834224058263,0.9923126713662809,0.12375605943110608
611,4978.527547597417,15.228437348000474,7.903556563590694,0.9923131966361534,0.12375184758919329
612,4528.070661860758,15.454676986257695,7.931834224053358,0.9923126709256541,0.12375606296418024
613,4978.527547530399,15.228437347999717,7.90355656359674,0.9923131962007528,0.12375185108048498
614,4528.070661857746,15.45467698625811,7.931834224050031,0.9923126704977547,0.12375606639520607
615,4978.5275475305625,15.228437348000345,7.903556563591734,0.9923131957744594,0.12375185449874868
616,4528.070661856836,15.45467698625777,7.931834224052768,0.992312670078473,0.1237560697571302
617,4978.527547494182,15.228437347999662,7.903556563597198,0.9923131953637613,0.12375185779195966
618,4528.070661616562,15.454676986257708,7.931834224053269,0.9923126696715183,0.12375607302021292
619,4978.527547475901,15.228437348000618,7.903556563589548,0.9923131949589048,0.12375186103833216
620,4528.070661452269,15.45467698625783,7.931834224052279,0.9923126692780444,0.12375607617520279
621,4978.527547467836,15.228437348000316,7.903556563591962,0.9923131945706651,0.12375186415146028
622,4528.070661288373,15.454676986257692,7.931834224053388,0.9923126688940772,0.12375607925396481
623,4978.527547463498,15.228437348000371,7.903556563591521,0.9923131941917422,0.12375186718987902
624,4528.070661233915,15.45467698625767,7.931834224053559,0.9923126685215664,0.12375608224086475
625,4978.527547463944,15.228437348000401,7.903556563591284,0.9923131938236475,0.12375187014147349
626,4528.070661230145,15.45467698625784,7.931834224052202,0.9923126681610859,0.12375608513130491
627,4978.527547025438,15.228437348000154,7.903556563593263,0.9923131934674649,0.12375187299754839
628,4528.070661230948,15.454676986258487,7.931834224047028,0.9923126678148965,0.12375608790715399
629,4978.527546845835,15.22843734799933,7.903556563599855,0.9923131931253782,0.12375187574059525
630,4528.070661231652,15.454676986259134,7.9318342240418565,0.9923126674803553,0.1237560905896015
631,4978.527546781156,15.228437347998506,7.903556563606443,0.992313192794846,0.12375187839099187
632,4528.070661231008,15.454676986259642,7.931834224037792,0.9923126671561184,0.12375609318942815
633,4978.527546782166,15.228437347997865,7.903556563611573,0.992313192474519,0.12375188095955768
634,4528.07066117915,15.454676986259965,7.931834224035196,0.9923126668411891,0.12375609571462295
635,4978.527546783736,15.228437347997625,7.903556563613494,0.9923131921628724,0.12375188345851654
636,4528.070661013424,15.454676986260086,7.931834224034235,0.9923126665347208,0.12375609817197698
637,4978.527546785342,15.22843734799786,7.903556563611622,0.992313191858927,0.12375188589572438
638,4528.070660835837,15.454676986259967,7.931834224035195,0.9923126662358109,0.12375610056872423
639,4978.527546786693,15.228437347998428,7.903556563607076,0.9923131915623641,0.12375188827373568
640,4528.070660563443,15.454676986259635,7.931834224037854,0.9923126659437889,0.12375610291024239
641,4978.527546777354,15.228437347999446,7.903556563598936,0.9923131912720567,0.1237518906015849
642,4528.070660561794,15.454676986258825,7.931834224044333,0.9923126656559701,0.12375610521805695
643,4978.527546664225,15.22843734800125,7.903556563584489,0.992313190985307,0.12375189290090872
644,4528.070660545718,15.454676986257816,7.9318342240524,0.992312665373307,0.1237561074845318
645,4978.527546548423,15.228437348001691,7.903556563580967,0.9923131907086967,0.12375189511892644
646,4528.070660519272,15.45467698625739,7.931834224055807,0.992312665099613,0.1237561096790914
647,4978.527546355221,15.228437348004098,7.9035565635617,0.9923131904324697,0.12375189733387222
648,4528.070660463543,15.454676986256437,7.931834224063418,0.99231266483004,0.12375611184060711
649,4978.52754606019,15.228437348004256,7.903556563560425,0.9923131901693915,0.12375189944338327
650,4528.070660352443,15.454676986256263,7.9318342240648,0.9923126645706419,0.12375611392053515
651,4978.527546043361,15.228437348004768,7.90355656355633,0.9923131899122329,0.12375190150542657
652,4528.070660343214,15.454676986256008,7.9318342240668525,0.9923126643178217,0.12375611594772278
653,4978.5275456024765,15.228437348005132,7.903556563553427,0.9923131896622961,0.12375190350956236
654,4528.070660133602,15.454676986255794,7.93183422406856,0.9923126640717721,0.12375611792062018
655,4978.527545540831,15.228437348005949,7.90355656354688,0.992313189417514,0.12375190547236319
656,4528.070660130488,15.454676986255382,7.931834224071858,0.9923126638311921,0.1237561198496609
657,4978.527545421796,15.228437348004654,7.903556563557253,0.9923131891854565,0.12375190733313261
658,4528.070659779713,15.4546769862562,7.931834224065332,0.992312663604154,0.12375612167011761
659,4978.527545412934,15.228437348004892,7.903556563555353,0.9923131889571946,0.12375190916346687
660,4528.070659669185,15.454676986255944,7.9318342240673765,0.9923126633784788,0.12375612347964776
661,4978.527545184769,15.228437348007194,7.90355656353693,0.9923131887278659,0.12375191100235566
662,4528.070659648056,15.45467698625583,7.931834224068287,0.9923126631609586,0.12375612522378927
663,4978.52754518386,15.22843734800732,7.903556563535921,0.9923131885131562,0.12375191272401916
664,4528.070659015994,15.454676986254869,7.931834224075967,0.9923126629427742,0.12375612697325412
665,4978.527545129461,15.228437348010829,7.903556563507853,0.99231318829053,0.12375191450916247
666,4528.070658964891,15.45467698625313,7.93183422408988,0.9923126627240558,0.12375612872700302
667,4978.527544798728,15.22843734801303,7.903556563490243,0.9923131880744454,0.1237519162418525
668,4528.070658948059,15.45467698625218,7.931834224097486,0.9923126625129196,0.12375613041995351
669,4978.527544664228,15.228437348011926,7.90355656349906,0.9923131878730007,0.12375191785715023
670,4528.070658529092,15.454676986252839,7.931834224092212,0.9923126623154929,0.12375613200297857
671,4978.527544659722,15.22843734801256,7.903556563493988,0.9923131876733796,0.12375191945782467
672,4528.070658489996,15.454676986252528,7.931834224094693,0.9923126621192891,0.12375613357619807
673,4978.527544407034,15.228437348012804,7.903556563492041,0.9923131874799173,0.12375192100911725
674,4528.070658293008,15.454676986252617,7.931834224093987,0.9923126619306036,0.12375613508913244
675,4978.527543914772,15.228437348013315,7.903556563487945,0.9923131872914347,0.12375192252047808
676,4528.070658203753,15.45467698625266,7.931834224093644,0.992312661747588,0.12375613655660399
677,4978.527543808006,15.228437348012633,7.903556563493407,0.992313187112529,0.12375192395504347
678,4528.07065816262,15.454676986253117,7.931834224089979,0.9923126615723479,0.12375613796172956
679,4978.527543766644,15.22843734801397,7.903556563482722,0.9923131869334383,0.12375192539109431
680,4528.070657664499,15.454676986252322,7.931834224096353,0.9923126613951141,0.1237561393828421
681,4978.527543408035,15.22843734801658,7.9035565634618345,0.9923131867532713,0.12375192683577665
682,4528.07065705332,15.454676986251433,7.931834224103453,0.992312661220932,0.12375614077948513
683,4978.527543115887,15.228437348019927,7.903556563435054,0.9923131865743133,0.12375192827076417
684,4528.070657052891,15.454676986249437,7.931834224119421,0.9923126610425944,0.12375614220944854
685,4978.527543069985,15.22843734802238,7.903556563415418,0.9923131863984936,0.12375192968058317
686,4528.0706570276025,15.45467698624782,7.931834224132355,0.9923126608668957,0.12375614361825078
687,4978.527543073505,15.228437348022634,7.903556563413394,0.9923131862306073,0.12375193102679256
688,4528.07065680388,15.45467698624732,7.931834224136374,0.9923126606988704,0.12375614496552681
689,4978.527542765913,15.228437348024078,7.903556563401845,0.9923131860619676,0.1237519323790417
690,4528.070656459307,15.45467698624702,7.931834224138769,0.9923126605362866,0.12375614626917017
691,4978.527541885325,15.228437348023826,7.903556563403864,0.9923131859029651,0.12375193365401324
692,4528.070655869369,15.454676986248348,7.93183422412815,0.9923126603888727,0.12375614745117894
693,4978.52754186181,15.228437348023933,7.903556563403017,0.9923131857517277,0.12375193486672041
694,4528.070655715529,15.45467698624814,7.931834224129807,0.992312660238937,0.12375614865340517
695,4978.527540974597,15.228437348024672,7.903556563397098,0.9923131856018297,0.12375193606868834
696,4528.070655352976,15.454676986248698,7.931834224125339,0.9923126600985201,0.12375614977930938
697,4978.527540610325,15.228437348024558,7.903556563398005,0.9923131854610706,0.12375193719737367
698,4528.070655194887,15.454676986249236,7.931834224121041,0.9923126599637226,0.12375615086015558
699,4978.527540543872,15.22843734802423,7.9035565634006435,0.9923131853268269,0.12375193827381716
700,4528.070653630356,15.454676986248932,7.931834224123476,0.9923126598274891,0.12375615195251491
701,4978.527540347767,15.228437348030267,7.903556563352343,0.9923131851746338,0.12375193949418628
702,4528.07065350387,15.454676986245966,7.931834224147219,0.9923126596785824,0.12375615314649206
703,4978.527539431945,15.2284373480306,7.903556563349694,0.9923131850379097,0.12375194059051811
704,4528.070653404092,15.454676986247021,7.931834224138785,0.9923126595534172,0.1237561541501039
705,4978.527539264351,15.228437348029564,7.903556563357984,0.9923131849131757,0.12375194159070739
706,4528.070653065361,15.454676986247783,7.931834224132695,0.9923126594324632,0.12375615511994559
707,4978.52753913063,15.228437348029559,7.903556563358033,0.9923131847906485,0.12375194257319953
708,4528.0706522118835,15.454676986247511,7.93183422413487,0.9923126593095554,0.12375615610545788
709,4978.527538800659,15.228437348031994,7.903556563338546,0.9923131846627047,0.12375194359912485
710,4528.070651976064,15.454676986246069,7.931834224146408,0.9923126591819793,0.12375615712839907
711,4978.527538105839,15.228437348034678,7.9035565633170775,0.9923131845337727,0.12375194463297406
712,4528.070651393826,15.454676986245614,7.931834224150053,0.9923126590617778,0.12375615809220969
713,4978.52753774979,15.228437348036747,7.903556563300523,0.9923131844102482,0.12375194562346371
714,4528.070651219563,15.454676986244817,7.931834224156434,0.9923126589420883,0.12375615905191537
715,4978.527537449823,15.22843734803836,7.903556563287613,0.9923131842900167,0.12375194658754858
716,4528.070649647545,15.454676986244264,7.93183422416085,0.9923126588252937,0.12375615998840714
717,4978.527536598695,15.228437348042721,7.903556563252718,0.9923131841629665,0.12375194760630853
718,4528.070649088117,15.45467698624275,7.931834224172956,0.9923126587052782,0.12375616095072674
719,4978.52753638882,15.22843734804647,7.903556563222728,0.9923131840386684,0.12375194860300186
720,4528.070648572857,15.454676986241065,7.931834224186442,0.9923126585844138,0.12375616191985155
721,4978.527535648304,15.228437348049091,7.903556563201752,0.9923131839175279,0.12375194957437509
722,4528.070647852531,15.454676986240345,7.931834224192189,0.9923126584695665,0.12375616284072986
723,4978.527534906222,15.228437348051697,7.903556563180899,0.9923131837984787,0.12375195052897876
724,4528.070646520453,15.454676986239816,7.931834224196433,0.9923126583578822,0.12375616373624894
725,4978.527534305848,15.228437348056582,7.9035565631418185,0.9923131836747986,0.12375195152071616
726,4528.070646201992,15.454676986238018,7.931834224210814,0.992312658241153,0.12375616467221624
727,4978.527533411711,15.228437348059396,7.903556563119304,0.9923131835574146,0.12375195246196623
728,4528.070645139273,15.45467698623775,7.931834224212954,0.9923126581340144,0.12375616553128509
729,4978.52753281788,15.228437348063245,7.903556563088506,0.9923131834403512,0.12375195340064755
730,4528.0706431953495,15.454676986236525,7.9318342242227615,0.9923126580234091,0.12375616641815085
731,4978.527533109417,15.228437348071772,7.903556563020289,0.9923131833094907,0.12375195444995965
732,4528.070641396888,15.454676986231812,7.93183422426047,0.9923126578905833,0.12375616748318564
733,4978.527532838206,15.228437348084238,7.9035565629205555,0.9923131831583174,0.12375195566215287
734,4528.070637598095,15.454676986225142,7.931834224313835,0.9923126577368288,0.12375616871603315
735,4978.527532811597,15.228437348106455,7.903556562742807,0.9923131829638464,0.12375195722153262
736,4528.070637581347,15.454676986214714,7.931834224397263,0.9923126575512229,0.12375617020427512
737,4978.527532818927,15.228437348119405,7.903556562639207,0.9923131827823658,0.12375195867674638
738,4528.070637499828,15.454676986205339,7.931834224472287,0.9923126573511142,0.12375617180880547
739,4978.527528763943,15.228437348128374,7.9035565625674575,0.9923131825918063,0.12375196020475991
740,4528.070636685738,15.454676986206493,7.931834224463044,0.9923126572067623,0.12375617296625907
741,4978.527525859192,15.228437348126583,7.903556562581786,0.9923131824488194,0.12375196135130924
742,4528.070634982831,15.454676986211453,7.931834224423367,0.9923126570964234,0.12375617385098772
743,4978.527524801018,15.228437348124167,7.90355656260111,0.9923131823270986,0.12375196232733594
744,4528.070633560429,15.45467698621414,7.931834224401867,0.9923126569871343,0.12375617472729906
745,4978.527524227517,15.228437348125663,7.903556562589152,0.9923131822033863,0.12375196331933136
746,4528.070631669867,15.454676986214084,7.931834224402333,0.9923126568697945,0.12375617566816291
747,4978.527523443608,15.228437348132195,7.903556562536905,0.9923131820669527,0.12375196441333157
748,4528.070629919043,15.454676986211695,7.9318342244214515,0.9923126567414695,0.12375617669711222
749,4978.527521947119,15.228437348140767,7.903556562468321,0.9923131819222497,0.1237519655736434
750,4528.070628809275,15.454676986209073,7.9318342244424285,0.9923126566114682,0.12375617773949764
751,4978.527520656973,15.228437348147496,7.903556562414485,0.9923131817826585,0.12375196669296513
752,4528.07062546035,15.454676986207168,7.931834224457668,0.9923126564837597,0.12375617876350159
753,4978.527518643769,15.228437348161087,7.903556562305753,0.9923131816207913,0.1237519679909071
754,4528.070623274457,15.454676986202696,7.931834224493461,0.9923126563414412,0.1237561799046538
755,4978.527516400675,15.228437348173422,7.90355656220707,0.9923131814585568,0.12375196929179545
756,4528.070620979104,15.454676986199082,7.931834224522375,0.9923126562002433,0.12375618103681821
757,4978.527515193224,15.228437348186,7.903556562106437,0.9923131812936515,0.12375197061409822
758,4528.070618922844,15.454676986194341,7.9318342245603,0.9923126560491164,0.1237561822485973
759,4978.52751316363,15.228437348197879,7.903556562011399,0.9923131811249495,0.12375197196684709
760,4528.0706161505805,15.454676986191103,7.93183422458621,0.9923126559025106,0.12375618342412606
761,4978.527509991518,15.228437348211465,7.903556561902712,0.9923131809491889,0.12375197337619484
762,4528.070612146507,15.454676986188511,7.93183422460695,0.9923126557598893,0.12375618456770357
763,4978.527508868515,15.228437348227544,7.903556561774059,0.9923131807678323,0.12375197483041368
764,4528.070608786757,15.454676986181772,7.931834224660865,0.9923126555899385,0.12375618593041746
765,4978.52750769623,15.228437348247473,7.903556561614608,0.9923131805639824,0.12375197646499655
766,4528.0706063425205,15.454676986173068,7.931834224730497,0.9923126553979446,0.12375618746987957
767,4978.527504760769,15.22843734826639,7.903556561463263,0.9923131803483324,0.12375197819419978
768,4528.070600793545,15.454676986167584,7.931834224774368,0.9923126552133423,0.12375618895007492
769,4978.527500652935,15.228437348292971,7.903556561250588,0.9923131801026246,0.12375198016442582
770,4528.070595527601,15.454676986159871,7.931834224836072,0.9923126550118564,0.1237561905656459
771,4978.527498486044,15.228437348320435,7.903556561030854,0.9923131798475658,0.1237519822096289
772,4528.07059153811,15.454676986148922,7.931834224923676,0.9923126547804016,0.12375619242151654
773,4978.527494761673,15.22843734834809,7.903556560809606,0.9923131795742844,0.12375198440095261
774,4528.070585928589,15.454676986140191,7.931834224993527,0.9923126545476387,0.1237561942878751
775,4978.527492585767,15.228437348378884,7.90355656056323,0.9923131792818745,0.12375198674566242
776,4528.070583192196,15.454676986127604,7.931834225094243,0.9923126542804569,0.1237561964302169
777,4978.527489618727,15.228437348404034,7.903556560362025,0.9923131789878027,0.123751989103695
778,4528.070576226335,15.454676986119065,7.931834225162566,0.992312654018397,0.12375619853148825
779,4978.52748603128,15.22843734843942,7.903556560078903,0.9923131786506371,0.12375199180727879
780,4528.070566650937,15.454676986106232,7.931834225265232,0.9923126537188959,0.12375620093297394
781,4978.527481755811,15.228437348489164,7.903556559680932,0.9923131782484748,0.12375199503204197
782,4528.070564579014,15.454676986087179,7.931834225417668,0.9923126533670998,0.12375620375377533
783,4978.527475678917,15.228437348520638,7.903556559429122,0.9923131778747085,0.12375199802911177
784,4528.070555217383,15.454676986079917,7.931834225475767,0.9923126530591985,0.12375620622261665
785,4978.527476051748,15.228437348562432,7.903556559094739,0.9923131774691873,0.1237520012808078
786,4528.070534170944,15.454676986058438,7.931834225647613,0.9923126526443046,0.12375620954935486
787,4978.527461630134,15.228437348663213,7.903556558288416,0.9923131768226281,0.12375200646528416
788,4528.070526820608,15.454676986028105,7.931834225890295,0.9923126521587098,0.12375621344299151
789,4978.527456347613,15.228437348727539,7.903556557773774,0.9923131762604276,0.12375201097332435
790,4528.070514620018,15.45467698600312,7.931834226090195,0.9923126516543298,0.1237562174872546
791,4978.527448624755,15.228437348801851,7.9035565571792255,0.9923131756253539,0.12375201606570088
792,4528.070500546804,15.45467698597671,7.93183422630149,0.9923126511044669,0.12375622189621378
793,4978.527441174455,15.228437348884357,7.903556556519115,0.9923131749257621,0.12375202167542063
794,4528.070485296632,15.454676985945783,7.93183422654892,0.9923126504874972,0.12375622684325112
795,4978.52743730924,15.228437348976772,7.903556555779739,0.9923131741491154,0.12375202790300986
796,4528.070465505354,15.454676985904797,7.931834226876837,0.9923126497531553,0.12375623273141306
797,4978.527420996825,15.228437349097506,7.9035565548137905,0.9923131732010384,0.12375203550522179
798,4528.070429771813,15.45467698586713,7.931834227178195,0.9923126489744318,0.12375623897543864
799,4978.527403084326,15.228437349268988,7.903556553441811,0.9923131720369535,0.12375204483950793
800,4528.070411520056,15.454676985806296,7.9318342276648925,0.9923126480115344,0.12375624669622326
801,4978.52739872981,15.228437349409218,7.903556552319881,0.992313170888895,0.12375205404528294
802,4528.070394532342,15.454676985741871,7.931834228180331,0.992312646918052,0.12375625546407565
803,4978.527383056268,15.228437349549484,7.903556551197662,0.9923131696181855,0.12375206423454264
804,4528.070365154892,15.45467698569379,7.931834228565004,0.992312645821176,0.12375626425913637
805,4978.527365990898,15.228437349711553,7.903556549900997,0.9923131682106172,0.12375207552121056
806,4528.070326002762,15.45467698563657,7.931834229022794,0.9923126445978538,0.12375627406807813
807,4978.527350776391,15.228437349918673,7.9035565482439,0.992313166575617,0.12375208863155364
808,4528.070288336319,15.454676985554032,7.931834229683155,0.9923126431310947,0.12375628582896571
809,4978.527305684729,15.228437350152994,7.903556546369188,0.9923131646976576,0.12375210369007565
810,4528.070200930655,15.45467698549982,7.931834230116899,0.9923126417158067,0.12375629717714136
811,4978.527241381708,15.22843735051816,7.903556543447628,0.9923131623391942,0.12375212260154696
812,4528.070128806815,15.454676985407161,7.931834230858224,0.992312640045501,0.12375631057011958
813,4978.527158355676,15.228437350879219,7.903556540558932,0.9923131598815701,0.12375214230813768
814,4528.070127066068,15.454676985344577,7.931834231358948,0.9923126385337756,0.12375632269155476
815,4978.527021154638,15.22843735096541,7.903556539869362,0.9923131582795621,0.1237521551539224
816,4528.070120003522,15.454676985497336,7.931834230136781,0.9923126384497106,0.12375632336561217
817,4978.52689068461,15.22843735079335,7.903556541245948,0.9923131580340294,0.123752157122741
818,4528.069996963051,15.454676985769211,7.931834227961603,0.9923126395503213,0.12375631454060762
819,4978.526768682948,15.228437350857071,7.903556540736139,0.9923131577626976,0.12375215929842875
820,4528.069906895041,15.454676985908891,7.931834226844076,0.9923126405406083,0.12375630660021106
821,4978.5266864341675,15.22843735097871,7.903556539762947,0.9923131577548278,0.12375215936153232
822,4528.069804770716,15.454676985962646,7.931834226414013,0.9923126413488216,0.12375630011973139
823,4978.526608480372,15.228437351248255,7.903556537606421,0.9923131574531913,0.12375216178022175
824,4528.0697187504675,15.454676985935604,7.931834226630361,0.992312641827653,0.12375629628032787
825,4978.526558768907,15.228437351564978,7.9035565350724415,0.9923131570184222,0.12375216526643944
826,4528.0696251624995,15.454676985845216,7.931834227353527,0.9923126418695545,0.12375629594434863
827,4978.526503916122,15.228437351986678,7.903556531698572,0.9923131560762013,0.12375217282168584
828,4528.069529366503,15.454676985707996,7.931834228451382,0.9923126414617641,0.12375629921412633
829,4978.526404190396,15.228437352475085,7.903556527791,0.992313154635927,0.1237521843705984
830,4528.069510898615,15.454676985600887,7.93183422930832,0.9923126410918943,0.12375630217984532
831,4978.52639231805,15.228437352671572,7.903556526218994,0.9923131540755402,0.12375218886408995
832,4528.069510411724,15.454676985519658,7.9318342299582145,0.9923126406737499,0.12375630553264468
833,4978.526394532337,15.228437352776902,7.903556525376281,0.9923131536602389,0.12375219219420294
834,4528.06947502893,15.45467698546276,7.9318342304134335,0.9923126402195458,0.12375630917458008
835,4978.52639434573,15.22843735296493,7.9035565238719325,0.992313152854892,0.12375219865191757
836,4528.069358341739,15.454676985366582,7.931834231182907,0.9923126393543793,0.1237563161117259
837,4978.526333929421,15.228437353468077,7.903556519846436,0.9923131507812326,0.12375221527965731
838,4528.069160578082,15.454676985196313,7.931834232545169,0.9923126378304798,0.123756328330776
839,4978.5260864256015,15.228437354324894,7.903556512991355,0.9923131471432094,0.1237522444513191
840,4528.069018097246,15.454676985105106,7.931834233274887,0.9923126367656565,0.12375633686882644
841,4978.52599139811,15.2284373548993,7.903556508395744,0.9923131446139003,0.12375226473270068
842,4528.068950319497,15.454676984947419,7.931834234536487,0.9923126352472837,0.12375634904355874
843,4978.525908428518,15.228437355320104,7.903556505029061,0.9923131423829817,0.12375228262142293
844,4528.068881803567,15.454676984850932,7.931834235308447,0.9923126339038318,0.1237563598157282
845,4978.525903076814,15.228437355665648,7.903556502264491,0.9923131403611922,0.12375229883322937
846,4528.068712984528,15.454676984686632,7.931834236622946,0.9923126319090478,0.12375637581045451
847,4978.525802929647,15.228437356419208,7.9035564962355265,0.992313136645735,0.12375232862577941
848,4528.0686788848425,15.4546769844474,7.93183423853695,0.9923126293248455,0.1237563965312964
849,4978.524613903772,15.228437356819581,7.903556493032296,0.9923131331166924,0.12375235692354834
850,4528.068739105178,15.45467698581229,7.931834227616979,0.9923126378667839,0.12375632803968067
851,4978.524398958647,15.228437354889527,7.903556508473951,0.9923131419927135,0.12375228575080587
852,4528.068907486167,15.454676987063419,7.931834217607153,0.992312648856693,0.12375623991950321
853,4978.524519169824,15.228437352761622,7.903556525498536,0.9923131545389071,0.12375218514855822
854,4528.068860729546,15.454676987985847,7.931834210227128,0.9923126600789081,0.1237561499365659
855,4978.524588218803,15.228437351739165,7.903556533678842,0.9923131651745469,0.12375209986611188
856,4528.068801178856,15.454676988415965,7.931834206785903,0.9923126698930603,0.12375607124382364
857,4978.52451205451,15.22843735138447,7.903556536516638,0.9923131742245032,0.12375202729850812
858,4528.06879525413,15.454676988695251,7.931834204551433,0.9923126795804519,0.12375599356743629
859,4978.524493358087,15.228437351050097,7.903556539191838,0.9923131837172906,0.12375195117999038
860,4528.0686364744615,15.454676988889474,7.93183420299752,0.9923126890647219,0.12375591751969191
861,4978.524368607717,15.228437351310452,7.903556537108821,0.9923131914524235,0.12375188915530154
862,4528.068609990452,15.45467698892035,7.931834202750492,0.9923126979083298,0.12375584660892451
863,4978.524296418932,15.228437351356808,7.903556536737935,0.9923131998888157,0.12375182150748036
864,4528.0685001757065,15.454676988990782,7.9318342021869785,0.9923127068953065,0.12375577454854207
865,4978.524048946915,15.228437351616506,7.903556534660178,0.992313207570657,0.12375175991004682
866,4528.068271336602,15.45467698917419,7.931834200719591,0.9923127167729621,0.1237556953463681
867,4978.523787556812,15.22843735210267,7.903556530770561,0.9923132149708306,0.12375170057116011
868,4528.06810340085,15.45467698925778,7.931834200050818,0.9923127265174281,0.12375561721210138
869,4978.523671273873,15.228437352521473,7.903556527419869,0.9923132229287143,0.12375163676019756
870,4528.067951605866,15.45467698919456,7.931834200556623,0.9923127354192668,0.12375554583424553
871,4978.523373503629,15.228437353072652,7.9035565230100815,0.9923132301348683,0.12375157897701408
872,4528.067724867055,15.454676989284225,7.931834199839247,0.9923127452521004,0.12375546699132103
873,4978.523218534972,15.228437353658324,7.903556518324333,0.9923132376231347,0.12375151893165653
874,4528.067539389072,15.454676989180362,7.931834200670226,0.9923127540259559,0.12375539663959183
875,4978.522902035138,15.228437354358695,7.903556512720907,0.9923132443980113,0.1237514646066564
876,4528.067550784843,15.45467698921297,7.931834200409328,0.9923127636704716,0.12375531930656818
877,4978.522775323585,15.228437354285079,7.903556513309876,0.9923132539832981,0.12375138774607038
878,4528.067210349882,15.45467698940374,7.931834198883048,0.9923127741995775,0.12375523488054242
879,4978.522346538271,15.228437355072206,7.9035565070123575,0.9923132610248903,0.12375133128232607
880,4528.066957096689,15.454676989518322,7.931834197966321,0.9923127849520752,0.12375514866322297
881,4978.522293244774,15.228437355682532,7.90355650212937,0.99231326929944,0.12375126493194806
882,4528.0668157376385,15.454676989275413,7.931834199909761,0.9923127935515635,0.12375507970944917
883,4978.522048382947,15.228437356413492,7.903556496281221,0.992313276410117,0.12375120791418008
884,4528.066531163811,15.45467698919522,7.931834200551351,0.9923128026803804,0.12375500651128646
885,4978.521824362453,15.228437357355016,7.9035564887484195,0.9923132827746717,0.12375115687925684
886,4528.066303560313,15.454676988981712,7.931834202259545,0.9923128108771231,0.12375494078679439
887,4978.521605894208,15.228437358292405,7.903556481248723,0.9923132887535745,0.12375110893670867
888,4528.066153396097,15.454676988761978,7.93183420401755,0.992312818657443,0.12375487840130003
889,4978.52130312253,15.228437359008389,7.903556475520399,0.9923132949937626,0.12375105889899135
890,4528.065920987843,15.454676988747252,7.9318342041353675,0.9923128274065536,0.1237548082476444
891,4978.5213736834585,15.228437359697852,7.903556470004266,0.9923133016346644,0.12375100564808315
892,4528.065807286691,15.45467698832402,7.931834207521508,0.9923128333257824,0.12375476078502197
893,4978.521022994478,15.228437360564271,7.903556463072364,0.9923133063528231,0.1237509678149158
894,4528.0657999876385,15.454676988283628,7.931834207844653,0.9923128410380695,0.12375469894494917
895,4978.520802477826,15.228437360639289,7.903556462472182,0.9923133138302355,0.12375090785629253
896,4528.065506437222,15.454676988493011,7.931834206169462,0.9923128502488382,0.1237546250894353
897,4978.520618683691,15.228437361204392,7.9035564579509945,0.9923133203144736,0.12375085586154602
898,4528.0652358107445,15.454676988413926,7.931834206802194,0.9923128581352759,0.1237545618528872
899,4978.520522531146,15.228437362064277,7.903556451071388,0.9923133257848583,0.12375081199650245
900,4528.064930556619,15.454676988090833,7.931834209387133,0.9923128642898575,0.12375451250301381
901,4978.519999814206,15.228437363323794,7.903556440994472,0.9923133290667697,0.12375078568003073
902,4528.064821336846,15.454676988023921,7.931834209922467,0.992312871869566,0.12375445172588466
903,4978.519771199214,15.22843736371101,7.903556437896498,0.9923133355678369,0.1237507335502843
904,4528.0648756797,15.454676988077347,7.931834209495025,0.9923128802298451,0.1237543846897924
905,4978.51964520729,15.228437363495424,7.903556439621314,0.9923133442480361,0.12375066394682041
906,4528.062995334019,15.454676988320315,7.931834207551127,0.9923128896407877,0.12375430922901097
907,4978.519330633928,15.228437368174434,7.903556402186367,0.9923133381515974,0.12375071283202238
908,4528.062960044415,15.45467698629539,7.931834223751758,0.9923128861379151,0.12375433731647967
909,4978.519247743104,15.228437370854556,7.903556380743784,0.9923133344131051,0.12375074280966993
910,4528.06268395388,15.454676985031844,7.931834233860877,0.9923128830131646,0.12375436237200509
911,4978.517972937019,15.22843737317572,7.9035563621731075,0.9923133291739535,0.12375078482056216
912,4528.062762887335,15.454676985168897,7.931834232764372,0.992312887976317,0.12375432257541981
913,4978.517683902898,15.228437372801634,7.903556365166006,0.9923133346002846,0.12375074130874364
914,4528.0625320221825,15.454676985646342,7.931834228944523,0.9923128955231408,0.12375426206187903
915,4978.517529896241,15.228437372778995,7.9035563653471295,0.992313340210045,0.12375069632605427
916,4528.062362128688,15.454676985810995,7.9318342276272045,0.9923129022053326,0.12375420848128803
917,4978.517520181489,15.228437372998696,7.903556363589384,0.9923133455204981,0.12375065374339093
918,4528.062285703546,15.454676985712936,7.931834228411727,0.9923129075349754,0.12375416574598068
919,4978.51712085853,15.228437373316181,7.9035563610493185,0.9923133500767377,0.12375061720848916
920,4528.0622007723705,15.454676985943392,7.931834226567951,0.9923129150458778,0.12375410552039251
921,4978.517106200436,15.228437373235929,7.903556361691388,0.9923133568629768,0.12375056279197418
922,4528.061870573958,15.454676986000583,7.931834226110382,0.9923129217855455,0.12375405147886513
923,4978.5170309946625,15.228437373982954,7.9035563557147395,0.9923133610238256,0.12375052942754931
924,4528.061715673713,15.454676985699834,7.931834228516557,0.9923129264456838,0.12375401411187766
925,4978.5167837776835,15.228437374750216,7.903556349576194,0.9923133643955232,0.12375050239105138
926,4528.061732991992,15.454676985553082,7.931834229690658,0.9923129316269315,0.12375397256639718
927,4978.516817790234,15.228437374897547,7.903556348397459,0.992313369668789,0.12375046010651179
928,4528.061739948982,15.454676985448573,7.931834230526786,0.992312936593162,0.12375393274500573
929,4978.516762495297,15.228437375014806,7.903556347459321,0.9923133746420463,0.12375042022762554
930,4528.061741055904,15.454676985444424,7.931834230559984,0.9923129419232614,0.12375389000593912
931,4978.516526358601,15.228437375017469,7.903556347438018,0.9923133798544503,0.12375037843108636
932,4528.06174110482,15.454676985669428,7.931834228759829,0.9923129488226967,0.12375383468322888
933,4978.516470710956,15.228437374730031,7.903556349737691,0.9923133866830081,0.1237503236751277
934,4528.060469855179,15.454676985869419,7.931834227159776,0.9923129559782807,0.12375377730658066
935,4978.516261323479,15.228437377523598,7.90355632738753,0.9923133843868286,0.12375034208743972
936,4528.059615570615,15.454676984658848,7.931834236845054,0.9923129549522949,0.12375378553339275
937,4978.516289517144,15.228437381050435,7.903556299170813,0.9923133773691936,0.12375039835953973
938,4528.058016659723,15.454676982851211,7.93183425130717,0.9923129474113088,0.1237538460003621
939,4978.515184346466,15.228437386923995,7.903556252179057,0.9923133590604569,0.12375054517113261
940,4528.058757533926,15.454676980919668,7.93183426676058,0.9923129374836117,0.1237539256049917
941,4978.515192441435,15.228437387769686,7.90355624541307,0.9923133542451019,0.12375058378381451
942,4528.058999519288,15.45467698048925,7.931834270204175,0.9923129327570179,0.12375396350487462
943,4978.515192438099,15.22843738778205,7.903556245314163,0.9923133512207813,0.12375060803479902
944,4528.058999521714,15.454676980484201,7.93183427024456,0.9923129297820029,0.1237539873598334
945,4978.51519243481,15.228437387789599,7.903556245253761,0.9923133482717239,0.12375063168226777
946,4528.059267893486,15.454676980482242,7.931834270260245,0.9923129269647519,0.12375400994976658
947,4978.515192438564,15.228437387189645,7.9035562500537235,0.9923133473281727,0.12375063924827746
948,4528.058068030585,15.454676980784772,7.931834267839845,0.9923129260439469,0.12375401733317652
949,4978.51519266554,15.228437389458731,7.903556231899808,0.992313338272257,0.12375071186449556
950,4528.058069613829,15.454676979641706,7.9318342769849925,0.9923129170697782,0.12375408929189857
951,4978.515196265762,15.22843739091791,7.903556220225593,0.992313329415491,0.12375078288375853
952,4528.058076864387,15.45467697890355,7.931834282890636,0.9923129082845535,0.12375415973554679
953,4978.515213787453,15.228437391847082,7.903556212791712,0.9923133207838366,0.12375085209789315
954,4528.058084217257,15.454676978419716,7.931834286761554,0.9923128996324259,0.12375422911192684
955,4978.51395068338,15.228437392448834,7.903556207977387,0.9923133122519204,0.12375092051222356
956,4528.058095715215,15.454676979238396,7.93183428021168,0.9923128999118548,0.12375422687134797
957,4978.513780461376,15.228437391375524,7.903556216564441,0.992313312560037,0.12375091804154978
958,4528.056996116458,15.454676979927228,7.931834274700661,0.9923129013969212,0.12375421496346747
959,4978.513641203266,15.228437392839654,7.903556204850623,0.9923133068141765,0.12375096411549107
960,4528.057141871104,15.454676979311758,7.9318342796247565,0.9923128967085225,0.12375425255699762
961,4978.513428644799,15.228437393319425,7.903556201012212,0.9923133030829198,0.12375099403505975
962,4528.0569653123275,15.454676979251941,7.9318342801033355,0.9923128944056794,0.12375427102214656
963,4978.51319608634,15.228437393766518,7.903556197435242,0.9923132996207449,0.12375102179695195
964,4528.055732296105,15.45467697922628,7.9318342803086415,0.9923128925118826,0.1237542862073908
965,4978.512282320337,15.228437396332115,7.903556176909112,0.9923132900404941,0.12375109861738766
966,4528.055734584439,15.454676978699522,7.931834284522972,0.992312888950714,0.12375431476230564
967,4978.511900805679,15.228437396999869,7.903556171566734,0.9923132864395509,0.12375112749198602
968,4528.054884694862,15.454676978675472,7.9318342847153875,0.9923128878472796,0.12375432361009556
969,4978.512083177104,15.228437398720391,7.903556157801665,0.992313280231359,0.12375117727310952
970,4528.053763435888,15.45467697766094,7.931834292832174,0.9923128805026546,0.12375438250229431
971,4978.511126385593,15.228437402178718,7.9035561301333,0.9923132663617572,0.12375128848808122
972,4528.053139435739,15.454676976692035,7.931834300583912,0.9923128727910072,0.12375444433739792
973,4978.510273451711,15.228437404590265,7.903556110839731,0.9923132551681578,0.1237513782451513
974,4528.051606505799,15.4546769761483,7.931834304934071,0.9923128669653364,0.12375449104995939
975,4978.5088353367055,15.228437408075164,7.903556082958825,0.9923132408915781,0.12375149272333112
976,4528.050185560802,15.454676975486375,7.931834310229784,0.9923128613713621,0.12375453590466924
977,4978.507033043905,15.228437411401961,7.90355605634285,0.9923132279538646,0.12375159646558695
978,4528.050148069064,15.454676975115792,7.9318343131946305,0.9923128586555693,0.12375455768096834
979,4978.506031658534,15.22843741194838,7.903556051971226,0.992313225108583,0.12375161928073074
980,4528.051141712939,15.454676975550981,7.931834309712904,0.9923128614470113,0.12375453529808314
981,4978.506530040437,15.228437409675758,7.903556070153293,0.9923132332449832,0.1237515540382726
982,4528.053777491376,15.454676976367901,7.931834303177138,0.9923128672330122,0.12375448890362818
983,4978.508547145831,15.228437403830082,7.903556116921574,0.992313253967104,0.12375138787592474
984,4528.054468705113,15.454676977886857,7.931834291024744,0.9923128768125725,0.1237544120908679
985,4978.510195576089,15.228437400569153,7.903556143010656,0.9923132677108942,0.12375127766987727
986,4528.055514203292,15.454676978301631,7.931834287706339,0.9923128810185687,0.12375437836548533
987,4978.511167255983,15.228437397984848,7.903556163686415,0.9923132782880545,0.12375119285572359
988,4528.056749935619,15.45467697885106,7.9318342833106215,0.992312885796251,0.12375434005608238
989,4978.512288449668,15.22843739476077,7.903556189480721,0.9923132908920886,0.12375109178877172
990,4528.057654178439,15.454676979574078,7.931834277526097,0.9923128913519839,0.12375429550793832
991,4978.513083286697,15.22843739192493,7.90355621216895,0.9923133022793268,0.1237510004787736
992,4528.0576620914535,15.454676980345292,7.9318342713559815,0.9923128975698327,0.12375424565065583
993,4978.513056414999,15.22843739092354,7.903556220180603,0.9923133084778698,0.12375095077494906
994,4528.058883624099,15.45467698087465,7.931834267120829,0.992312903978244,0.1237541942653429
995,4978.513105177339,15.228437387581826,7.903556246916122,0.9923133230647017,0.12375083380845957
996,4528.059072692039,15.454676982520771,7.931834253950944,0.9923129182381144,0.12375407992368233
997,4978.514269357233,15.228437385049308,7.903556267177656,0.9923133385677961,0.12375070949467144
998,4528.058981645125,15.45467698279791,7.931834251733675,0.9923129258559013,0.12375401884100806
