frame_id,2's score,pos_x,pos_y,per_x,per_y
0,5.0058552947807266e-11,12.0941718724826,11.10302988612894,0.9556942418444756,0.29436120006772803
1,5.325177039727412e-11,12.315990608870006,11.155759841443674,0.9718131407736975,0.23575245368725545
2,42.1791550445166,12.537048748294282,11.099927064383266,0.9991930438263752,-0.0401654225545197
3,16.425572346259774,12.356844720453998,11.23960708568244,0.9923128518627349,-0.12375461214858248
4,10.713898643479359,12.192580019615857,11.397724472640851,0.9890052163364699,-0.1478806344970583
5,3.75672677357508,12.053218224863096,11.57817471554257,0.9873332732969934,-0.15866003731451905
6,5.216452146572484,12.197889506210739,11.7543967923469,0.9872884284795866,-0.15893885299167151
7,0.24198933933778735,12.236953787935466,11.979025334374247,0.9871227571047745,-0.1599645660947093
8,86.05358539141966,12.256161950585632,11.751835883722144,0.988377174570549,-0.1520215800073747
9,0.014108807911286275,12.263587603091315,11.97971492989547,0.9881195245418896,-0.1536873619368553
10,240.60470307440937,12.23076825233315,11.754089376786315,0.9908116433063601,-0.13524898331799146
11,0.8595271437987642,12.043589589975275,11.88427443106643,0.9890791681078669,-0.1473852069071048
12,266.28490943539646,11.958297552129755,11.672828768353385,0.9928871315728858,-0.11905941355880592
13,0.2854051190586132,11.739526928673413,11.737042585499882,0.9915431876460514,-0.12977714372225702
14,192.5954243633109,11.626791294277966,11.538864189256861,0.995759909640087,-0.09199022966361996
15,0.027376434239448265,11.40048450815036,11.566599339384334,0.9954139425887514,-0.09566129258962625
16,77.6995193410589,11.24635007912248,11.398591667570665,0.9990628558410094,-0.04328290746711379
17,25.745716091404386,11.07533873911576,11.247796702173588,0.9999615782154552,0.008765962175157842
18,0.00047960203683620117,10.847399527953357,11.242532102030923,0.9999709170594012,0.007626600512677466
19,3.139082839919557,10.6251484231697,11.293408878878946,0.9961360816761986,0.08782315630168393
20,2.404085955074617e-10,10.48188416110714,11.470776720427718,0.9961732082956516,0.08740102444449956
21,0.13268443229700702,10.270856260861729,11.557097200720714,0.9851152601053008,0.17189509681100743
22,6.598767834724121e-13,10.420967261717571,11.385485174854058,0.985075161179996,0.17212474205123654
23,2.502613053216478e-05,10.19338459934837,11.399274003265,0.9859330652480534,0.1671406319557804
24,5.6572338657543304e-06,9.967031613393987,11.426629546570421,0.9865290104023443,0.16358640418620118
25,1.5945171144720275e-06,9.7419243382115,11.46283334001692,0.9869546239911693,0.16099866515735356
26,9.590223473775492e-07,9.517258050212977,11.501679949096278,0.9872928384814169,0.15891145674024512
27,4.970182863542702e-07,9.292747414928913,11.541416263021276,0.987569519291785,0.15718283801290941
28,3.4149365699427316e-07,9.068106586180338,11.580409827351223,0.9878086316377561,0.15567307815400838
29,2.2130778188464638e-07,8.843137598511499,11.61746322918233,0.9880173091357837,0.15434311402872972
30,1.6726058684959656e-07,8.61763323279795,11.651105182813616,0.9882049475139734,0.15313713367078854
31,1.436057599029378e-07,8.39154321409474,11.680555198820104,0.9883768094260842,0.15202395399644766
32,1.1455033125746837e-07,8.164821618357617,11.70466573648339,0.9885387617550677,0.15096726965722598
33,1.0289560067284837e-07,7.937527072859605,11.722587499422671,0.9886933570477744,0.14995147791736463
34,1.0013253436469975e-07,7.709793467175611,11.733605885972775,0.9888423148832578,0.14896602396627287
35,1.170008512886643e-07,7.481818817958448,11.737005785134725,0.9889727702222585,0.14809746709147845
36,1.304419213048654e-07,7.253868943655679,11.73222511516582,0.989086084749903,0.1473387829259753
37,1.359954367221185e-07,7.026316244251905,11.717950347424939,0.9891807001454822,0.14670222377214884
38,1.7036381567195465e-07,6.799504063182832,11.69470740185666,0.9892553610994734,0.14619791563476822
39,2.3716698729070364e-07,6.573833057698188,11.662202059471912,0.9893081600121767,0.1458402020477258
40,2.9520344242186867e-07,6.349908296818783,11.619287010070787,0.9893349436891057,0.14565839898774863
41,4.3767282551351346e-07,6.128173653794132,11.566204545143746,0.989332119252386,0.14567758171929862
42,5.754159852160059e-07,5.9091477816238545,11.502866820839431,0.9892945399786689,0.14593256376968797
43,8.497007039589415e-07,5.694077912015576,11.427176985414334,0.9892106602126118,0.14650006730963913
44,1.177933565939851e-06,5.483820804316986,11.338995645765724,0.9890679966121593,0.14746015759387135
45,1.550904611729026e-06,5.279217574960618,11.238389887794597,0.9888568220802303,0.14886969276984305
46,1.6273426753319712e-06,5.081510735469555,11.124829306524266,0.9885849108951353,0.15066477342251314
47,1.350972145889353e-06,4.890951753965274,10.999644345094984,0.9882649112369382,0.15274968156381494
48,8.493360919458362e-07,4.707487817695998,10.864274540158348,0.9878803748660692,0.15521715418881624
49,5.10284275534306e-07,4.5301926858203,10.720920306829928,0.9874088086560568,0.15818926824670032
50,2.847726731978607e-07,4.358485963071664,10.570917635643967,0.9868285000264115,0.16176993396679992
51,1.413362766887515e-07,4.192694214855157,10.414402153268215,0.986098209451897,0.16616353786484708
52,6.172048831341434e-08,4.033534331258648,10.251147347968201,0.9852026719326924,0.17139339315353921
53,2.6831839035269122e-08,3.884771178274347,10.078365623488528,0.9840345512278349,0.17797753226133203
54,9.814141601052619e-09,3.753242123729151,9.892128925143528,0.9825566296901872,0.18596362400173905
55,6.292053869005773e-09,3.6689280400069437,9.680291404184457,0.9806285008615853,0.1958768574843898
56,1.806258586277321e-08,3.725632572979938,9.459455275029116,0.978054490215896,0.20834926006233878
57,8.88365397353443e-08,3.935058771207422,9.369318337561824,0.9744784638255434,0.224481009308603
58,1.119382763085911e-06,4.16285974088088,9.359793726502463,0.9683711078113783,0.2495143233487088
59,1.952761953091061e-05,4.38906738036532,9.33126122154973,0.9578998583588204,0.2871025276032099
60,0.0002550015998684068,4.617052090211709,9.333901690496335,0.9403394897276628,0.34023762881068687
61,0.0025468118986371486,4.801419390911996,9.199764825941918,0.9115988800165297,0.41108087033162793
62,0.01208157070591731,4.976388734555565,9.053580939056465,0.8690303634850375,0.49475875670983716
63,0.045936524401857116,5.144301282232691,8.899342888198134,0.8103843396263783,0.5858986448937383
64,0.2190272521103325,5.229216246118411,9.110940262728837,0.728108264029746,0.685462147643172
65,2.7980811766577047,5.117610848703887,8.912123172749263,0.6075400516220144,0.7942890441615823
66,3.8869264399421324,4.991351900330142,9.101972265334812,0.4809719497241997,0.876735982824078
67,28.590868923679768,4.81779885700622,8.954109690106986,0.36780211299320054,0.9299040841278938
68,124.67404578480162,4.830189012812606,9.181772783381001,0.3205986231707746,0.9472151407262257
69,377.05541355353336,4.708368715250166,8.989045475762701,0.3017752780969305,0.9533790859513964
70,664.468839672007,4.68436569899641,9.215778480000553,0.2997703622838194,0.9540113887665219
71,1226.4858785689926,4.580091813547734,9.01302010948669,0.30618227346820676,0.9519729068696442
72,2142.74437603904,4.414409179185434,9.169651091960684,0.31151107679401185,0.9502425211674308
73,2852.3960823808156,4.308265317060461,8.967865362700177,0.3400139400542148,0.9404203956576064
74,4153.817030385787,4.098964085448556,9.058292097937827,0.3509465410232474,0.9363954962214514
75,4706.024001768763,3.9902653430180735,8.857871082587561,0.3895061647229312,0.9210238583461521
76,5887.168526084726,3.7688021945556773,8.803667080215757,0.40011009697462574,0.9164670808594031
77,5819.4344264630145,3.647190651187539,8.61080798004255,0.43444680295900595,0.9006974938339168
78,6615.665266842988,3.432302467724475,8.687012104654965,0.4409854760311471,0.8975142394021293
79,6961.554422345013,3.306409981712326,8.496919806111123,0.48782745871547883,0.8729400726986922
80,9208.878803739937,3.400078724530867,8.704790358664374,0.5110494968334912,0.8595512851402385
81,10908.410987700636,3.277865278290638,8.512312116886019,0.5323670759223386,0.8465136126926129
82,11705.367315439627,3.183659043808123,8.304684600923839,0.5613291517406407,0.8275926433977846
83,11103.194848070838,3.084060436322621,8.099589214854456,0.5753625640139542,0.8178984777656015
84,11579.543184206812,2.969551908503326,7.902429895884599,0.5787470548811543,0.8155071100035794
85,10637.559328094128,2.8598723425207977,7.7025439463886824,0.5966612149917302,0.8024932364354183
86,10366.921307953915,2.7613546637812965,7.496927149954684,0.612759369357037,0.7902695459557874
87,9895.839021405578,2.720680260271373,7.272584570627638,0.6311374231880048,0.7756710340418839
88,9758.471785591177,2.6822426719538686,7.04784794298467,0.638431190058043,0.7696789041938663
89,8864.065335182935,2.820339912098618,6.866428119744751,0.6471919745354207,0.7623270611075952
90,9567.783089282446,2.7225616108139135,6.660458695319965,0.6386216320416298,0.769520897109679
91,9234.621412418508,2.9051843007988287,6.523956119876593,0.6595707702232078,0.7516424675782792
92,9582.463627998188,2.798790526596328,6.322302047735842,0.6531543107726746,0.7572248320803224
93,10031.681907365704,2.967230698256838,6.168640378569527,0.6735491526817232,0.7391424347997703
94,9739.355123182073,2.873118003171563,5.960970446649217,0.6680472750850668,0.7441188334207226
95,9988.465262838483,3.0238008450909692,5.789860303317235,0.6863546338178769,0.7272670188017111
96,9555.356696984232,2.951446236758414,5.573645570579055,0.6849889453334953,0.7285534604755548
97,9758.54264251342,3.1517610563005025,5.4647512499198925,0.7000786195862652,0.7140657717592893
98,9599.733944660386,3.065155388244726,5.253840230149439,0.6941462481687005,0.7198339990256898
99,10131.05087282102,3.291896770940785,5.277763970933009,0.7072521066628471,0.7069614258366327
100,9986.819558939182,3.1785334012329045,5.079943986076891,0.717500932550682,0.6965575437743111
101,10344.1154633858,3.3550670414056976,4.935653051201055,0.7406195718563487,0.6719245863810303
102,8573.04151988446,3.2921684490078476,4.716500667973381,0.7441297490882193,0.6680351162340972
103,10035.378260370466,3.5153410777373777,4.669831858411199,0.7551055598608785,0.6556032286888078
104,8790.191631700862,3.452617368615073,4.450629357709358,0.7584242511475081,0.6517611949720092
105,8962.241640646584,3.6764476330243605,4.40722414218785,0.7742990594306328,0.6328198531690022
106,8575.878730181703,3.6339377642741737,4.183222108583595,0.7764104604485593,0.6302275754884549
107,8329.83622981243,3.8534737623994015,4.1216758209038336,0.7906532328513084,0.6122642120700625
108,8017.717167198949,3.873757998329109,3.8945799165533854,0.7936662242415986,0.6083534535926337
109,7842.413983750877,4.097283709318871,3.849632652715401,0.7980135494001642,0.6026395066486694
110,7562.035570983927,4.164415939224418,3.6317398724130037,0.8035947338859334,0.5951768675534993
111,7597.96564024054,4.391800210224604,3.648484820956193,0.7956503229517589,0.6057561915381153
112,7022.552882176626,4.4099662793202565,3.4212096706787993,0.8021614371254034,0.5971072171636409
113,6798.018591591569,4.6379478950946735,3.4241049891217723,0.8092421943069793,0.587475166243838
114,6432.557776701037,4.784386335972825,3.249348635780396,0.815010333541272,0.5794464222177445
115,7445.58312669449,5.006639613321161,3.1984813505380743,0.8149308544602987,0.579558195911858
116,6578.139290756799,5.179048253101304,3.0492859721607233,0.8167393229289863,0.577006826979977
117,7093.156372001808,5.393307011478517,2.9713296737708235,0.8151426108242485,0.5792603249132704
118,6659.98181639289,5.578998443758025,2.839031933888448,0.8145258412638084,0.5801272738921048
119,6725.926880184415,5.790933886585654,2.754964294017586,0.8118025930876596,0.583931973654596
120,6360.799127367821,5.989692272417901,2.643254383708073,0.8094382033452246,0.587205070622908
121,6624.028316835744,6.205287177546393,2.5690732750439627,0.8059464719518379,0.5919884157214442
122,5932.487157860854,6.411304721461401,2.4713964016335823,0.8054726853682159,0.5926328991253482
123,6338.621521040603,6.628970335166208,2.4035312367070185,0.8025615846788635,0.5965692774504496
124,5683.784303866999,6.8434122120309695,2.326080081475359,0.7998649661569802,0.6001800029280324
125,6092.763150939968,7.059074823973644,2.252096043939797,0.7964897959469148,0.6046519701054831
126,5450.1987612384,7.275159820645187,2.179354898681701,0.792460106255809,0.60992374932694
127,5547.363760948576,7.4948373972795554,2.1183158757205565,0.789230336612151,0.6140972852659999
128,5113.194700412043,7.720191605619844,2.083682354627232,0.7851888250511343,0.6192564162080353
129,5264.620003478014,7.945123150329334,2.046402330557993,0.7831968152613134,0.6217738725328816
130,4825.506226805164,8.170873378883746,2.0144518327898755,0.7790334693263081,0.626982339200568
131,4971.286788948508,8.398433138328675,2.0002900574292193,0.7739946366194331,0.6331921528922733
132,4479.782963800542,8.623088460442352,1.9613800812534348,0.7704611125894164,0.6374869990732979
133,4460.757763307666,8.850859176140236,1.9511575047448766,0.7624587502655263,0.6470368259562448
134,4101.621302894482,9.078004802341491,1.9314378572419524,0.7579191954119172,0.6523484446414755
135,4031.32568931279,9.30557154153675,1.917388686019518,0.7517749580849561,0.6594197543267584
136,3710.3053334206347,9.5329995251214,1.9335290789087924,0.7420651157379196,0.6703278033953748
137,3698.7744883504206,9.76078558010072,1.9236542038737123,0.7391218360870321,0.6735717566965932
138,3513.504082801112,9.97519119948453,2.0012056730838053,0.7235449728407676,0.6902772430530018
139,3842.322714101222,10.20140517066626,2.029687934970671,0.7228307347820464,0.6910251289601897
140,3472.4528607048924,10.429315850572321,2.0233065570037687,0.72060161216092,0.693349346686851
141,3351.0919689439206,10.657285695138814,2.0195984620307397,0.713768019944495,0.7003821911674474
142,2963.083491919505,10.884344312300831,2.0402959104839242,0.7025030510719027,0.7116807312514984
143,2739.3926106972044,11.110766284854193,2.067074453107525,0.6937875062214767,0.7201797665937196
144,2668.546618788133,11.31472596417531,2.1689785708419307,0.6759822335151939,0.7369179194264515
145,2579.2850493618453,11.536723720478912,2.2209496800870343,0.6734746945295104,0.7392102784921101
146,2236.010921293783,11.76382571739263,2.2007337705650216,0.6685586288762255,0.7436594380192734
147,2139.0072265859544,11.977071758533004,2.28141912201098,0.6534733550379219,0.7569495189611273
148,1947.1240184368144,12.20345972253278,2.3084836699664772,0.6466462696347446,0.7627900117119188
149,2235.753978375902,12.382032274264894,2.4502434800957293,0.6235362348337312,0.7817944511502841
150,1220.7892516815289,12.34959748176418,2.224562323958502,0.61582795210592,0.7878806593672857
151,618.4794933464781,12.498694827098431,2.3970557488021154,0.6024735723852128,0.7981388316435929
152,597.3506601333582,12.66245554523065,2.5556950478324003,0.605817343869673,0.7956037618480033
153,493.7921038126165,12.850361662644541,2.684827890434261,0.6124649632909865,0.7904977348107775
154,434.0877379563341,13.061751248812913,2.770258814926302,0.6167703869297102,0.7871431190111335
155,375.16872614450193,13.276984800305865,2.8454819384438106,0.6141278703516994,0.789206537515552
156,96.15390820044651,13.211822284665818,2.626992015208297,0.6028131976141754,0.7978823527201069
157,22.8724748990683,13.380891903723573,2.7799608483465073,0.5919381152723397,0.8059834165091924
158,5.031781327948618,13.348447459572933,2.5542810795506403,0.583289457244615,0.8122643714132008
159,1.16148102404925,13.496763080018946,2.72744711759423,0.5726156664217501,0.8198239436417889
160,0.2441201897220505,13.540330841115159,2.503648435307977,0.564947700614859,0.825126714856563
161,0.052710967830320594,13.677584081362388,2.685707623600236,0.5540511272172507,0.8324826415183045
162,0.013409153531706203,13.63600887025963,2.4615302344153296,0.5463377243535094,0.8375649771499695
163,0.0020161798381033574,13.789061379005457,2.630524108761735,0.5428994788540552,0.8397976874581136
164,0.0005304410977635622,13.730827899323813,2.4100862221719574,0.539615394409577,0.8419116498280544
165,4.314461160431966e-05,13.908754226406636,2.552656282601266,0.5382146509077563,0.8428078010722504
166,1.083698995576662e-05,13.850462595457705,2.3322337661440913,0.5360267801286562,0.8442009778393444
167,6.575413118214155e-07,14.078278267416433,2.3230675450037603,0.5356184688365402,0.8444600972462821
168,9.864539201085192e-08,14.050026931531866,2.096824617996666,0.5342609849462884,0.8453195845147691
169,1.3903977080968535e-08,14.223213372392445,2.2451164137982045,0.5330465778390258,0.8460858974442865
170,1.3461479742550584e-08,14.339548567362424,2.0490293861515574,0.5316560378758642,0.8469603635295678
171,4.702291315634246e-09,14.506095242995196,2.2047413151604576,0.5303507396862868,0.8477783276978766
172,5.022334825494482e-09,14.658946195061159,2.3739175145873537,0.5287206355896331,0.8487959056815096
173,5.956908248789273e-09,14.807064548845396,2.547252315686981,0.5267603071326085,0.8500138697865819
174,6.716105920125492e-09,14.927729957813918,2.7407047880890145,0.5241202121571008,0.8516442938271797
175,8.882430265266628e-09,15.088691234935636,2.902183787551314,0.5215709147137862,0.8532079353385225
176,8.885196979058114e-09,15.196626036017085,3.1030172477005333,0.5183565049065776,0.8551646238128874
177,1.3103470677480763e-08,15.383094432341347,3.2342176180211166,0.5151446015850603,0.8571032840082751
178,1.3351931915782896e-08,15.479579830595817,3.440795854831474,0.5113392377841671,0.8593789524431622
179,1.66848670888957e-08,15.645080572972256,3.597619017256058,0.5075917070043144,0.861597736174165
180,1.4134858614331432e-08,15.711400096564129,3.815760532769605,0.5036059562585813,0.863933470135797
181,2.566333703167542e-08,15.877701632760603,3.6597868200527097,0.4998219951887094,0.866128150521375
182,1.0366318661422729e-08,15.919786510327025,3.883869088606514,0.4967756763207581,0.8678789820107716
183,1.530259858777596e-08,15.972788745259102,4.105622923054095,0.4940948343152143,0.8694080139399573
184,1.7597892520871054e-08,16.01882004363536,4.328927915317582,0.4913294837566285,0.8709737874307383
185,2.139344616437521e-08,16.046744107256718,4.555211469008234,0.48829225471392296,0.8726801670637379
186,2.7741696640045458e-08,15.895984176124108,4.384169242745562,0.4851522714247841,0.8744296847267782
187,6.4817029984939665e-09,15.925004471537033,4.610314820757043,0.482874781690085,0.8756894113826846
188,8.772515186706924e-09,15.948030999188067,4.8371490752785675,0.48052809321398327,0.8769793336402707
189,8.743368935033309e-09,15.975135126384101,5.06353230409409,0.4777918491105069,0.8784730780869511
190,1.2865983016028162e-08,16.004667378352675,5.289611595701404,0.4752185446534579,0.8798677939426182
191,1.5932846748268384e-08,16.021656144961753,5.516977780102476,0.47227545390377573,0.881451017152957
192,2.250557721882101e-08,16.025825723690367,5.744939651066078,0.4693456810241354,0.8830145138693872
193,2.5689274137167027e-08,16.037415130368135,5.972644911551771,0.4659305433835549,0.8848212976315077
194,4.0585639599095575e-08,16.02821962178496,5.744830419866328,0.46238572850650983,0.8866788810350137
195,8.971962047645006e-09,16.032488853739245,5.9727904463150905,0.45977699081211937,0.8880344130267432
196,1.4405151057507418e-08,16.029162464459915,6.200766179967517,0.45717474526450974,0.8893768899023241
197,1.8298212204313473e-08,16.025322566717815,6.428733842554407,0.4541442362468392,0.8909281748175748
198,2.7818758692456014e-08,15.994876145424874,6.6546918373907324,0.45093535295258647,0.8925566130266058
199,3.189718018000489e-08,15.981509904661259,6.882299709855305,0.4471406569647554,0.8944636565501849
200,4.9132984755894587e-08,15.985025892317216,6.6543268214874045,0.4430902392566536,0.8964770158099323
201,9.891914852769105e-09,15.97259746539349,6.881987828698129,0.43994665270414884,0.8980239099124337
202,1.778971525152225e-08,15.9507805641731,7.1089416187549155,0.43653581003043096,0.8996868825102852
203,2.8700427255331732e-08,15.923864175211268,7.335347245905071,0.43286131707639064,0.9014605261346126
204,4.940590065293898e-08,15.831763196975672,7.543917161779931,0.42884430843468135,0.9033784141339551
205,7.524713130568942e-08,15.77889662424432,7.322130946050367,0.42431532417158696,0.9055144977708314
206,2.8630394912788825e-08,15.713071698653415,7.540422217453856,0.421037110831661,0.9070434120275211
207,5.1516747453154685e-08,15.625339328471417,7.750867058735958,0.41743249542595057,0.9087079353469208
208,6.74799009797092e-08,15.439531956502993,7.883001916068109,0.41336095418284813,0.910567252627199
209,9.566956172790482e-08,15.298814470344439,7.703606851784786,0.40907356250132615,0.9125014084715013
210,4.212373757362111e-08,15.207770095250169,7.912640154786231,0.40551702025896524,0.9140874937774227
211,8.137162228789852e-08,15.069108692069687,8.093629146904592,0.4015199196237246,0.9158502902469146
212,1.2175859919197713e-07,14.85897061056914,8.182093753970184,0.3968265130617092,0.9178936313818095
213,1.7386920285620967e-07,14.675650623188579,8.04652907484324,0.3920400616759927,0.9199481453000944
214,9.546641252188219e-08,14.55214149098325,8.238178479386763,0.3875961986631439,0.9218292611877107
215,1.545318179119187e-07,14.390021082031593,8.39849370948468,0.38228192146578177,0.924045741573668
216,2.230102752333562e-07,14.184928375389546,8.498097834310105,0.3758489025512328,0.926680960444874
217,2.817136874864797e-07,13.95762099549868,8.480339595457417,0.3684821861721989,0.9296348091986213
218,2.3395800748797167e-07,13.737095396297295,8.538240028071263,0.3609616222686345,0.9325806706388439
219,2.8253390603953273e-07,13.509126759763813,8.542021662250367,0.35249719366037435,0.9358128704295322
220,2.92601638866021e-07,13.301810670544803,8.44713204663867,0.3435708554243616,0.9391267578463371
221,2.1356748288931744e-07,13.075383626583932,8.473867673864188,0.335129104536444,0.9421722153049309
222,2.6397350522584986e-07,12.871533345802662,8.57599045793022,0.3255025577999605,0.9455411597945822
223,4.996330345383479e-07,12.785297097980802,8.364928122205425,0.31429989152711024,0.9493237478258124
224,2.7199344986348535e-07,12.609269249302088,8.509835666831451,0.30474107277722157,0.9524352358888178
225,6.08873520390077e-07,12.450363961854046,8.346333038042017,0.29300020319375997,0.9561123788176865
226,4.184676590884137e-07,12.250749255741777,8.456505489697195,0.2820392517397168,0.9594028666197014
227,8.715146988966109e-07,12.133356945658663,8.261049495843462,0.2689222553798851,0.9631618869958443
228,6.22668211526279e-07,11.915608194185822,8.328647433918665,0.25711666600984917,0.9663803702786908
229,1.0105931058290369e-06,11.70110205397783,8.251374438551139,0.24239457351877247,0.970177752130326
230,1.2292338008751562e-06,11.533690500938578,8.40615612968089,0.2251833368406181,0.9743164089808427
231,4.629009732504135e-06,11.306214671284268,8.421607567254258,0.20201833909432362,0.9793817389912736
232,1.1592231987635568e-05,11.106478026030514,8.311656339235757,0.17430159139321355,0.9846923150090049
233,1.4356517440931568e-05,10.878560136745016,8.305537863637772,0.1449535862674076,0.9894384558062301
234,3.0009161722861113e-05,10.76891379864276,8.105633685240306,0.11039814723831973,0.9938874428658139
235,2.3170036519980406e-05,10.549775797783752,8.168582367351354,0.07718938163304374,0.9970164488929499
236,7.864995597237048e-05,10.447826271441508,7.964645381793088,0.0367901085204745,0.9993230148030474
237,6.828207361348181e-05,10.221182342795535,7.989475396048389,-0.0028465556522014415,0.9999959485522523
238,0.00021009106601083978,10.08295939234317,7.808151332647408,-0.04966406843828063,0.9987659787488548
239,0.00021176183565680613,9.856840798849122,7.778921524637888,-0.09735635034655286,0.9952495873132524
240,0.0009653671515836024,9.633932127359968,7.826835240575393,-0.1525184446459767,0.9883006243258031
241,0.004176802004063121,9.490332988604841,7.6497384101441686,-0.21502586668758653,0.9766083537709743
242,0.004792870126431652,9.26491507808496,7.615521957714808,-0.265373210869517,0.9641457664444744
243,0.02163092500578209,9.065968317107584,7.504147875017749,-0.30662224373260355,0.9518312873867847
244,0.010318220998045772,8.876051945780256,7.377990148730928,-0.33641543232547133,0.9417136809525846
245,0.034971264976396056,8.64832476094726,7.366839844338736,-0.3571970752214064,0.9340290410117198
246,0.13698947772240383,8.44493949653549,7.263794057330463,-0.368686840559904,0.9295536636461371
247,0.4448650924087524,8.217166076406425,7.253631917658683,-0.37347356904731466,0.9276408212358169
248,0.6660372739924612,8.206257714835203,7.025893015299355,-0.36583273711021264,0.9306806157100566
249,2.518097654150535,7.9859444746960095,7.0845963049803435,-0.3589253144873726,0.9333662832029774
250,15.579726278150595,7.801784266332492,6.95017525880265,-0.3501307166957855,0.9367008493783358
251,33.91619719785202,7.5791411362106755,6.901042412258205,-0.3397760036462475,0.9405063887854166
252,154.3115484296257,7.43642979233294,6.723229385939516,-0.29737172797641803,0.9547617793985677
253,215.59680660481388,7.237388509757053,6.612024314874632,-0.27573691248829235,0.9612331429426598
254,421.1108356335979,7.029039401335933,6.519424914119958,-0.2561545613950687,0.9666358366398898
255,834.3184297048123,6.927934317370448,6.315067966608179,-0.20657876383721588,0.9784299741583389
256,1690.7470242520544,6.853778994062453,6.530671742143504,-0.17451685887884108,0.9846541859795563
257,2680.7664426182,6.860738776565998,6.302777991839764,-0.16408354804512515,0.986446445206694
258,4171.7047679927655,6.745283113279768,6.499384171333535,-0.15961470674352374,0.987179388657998
259,5503.428869537728,6.7658033064560605,6.272309466286919,-0.14892576568148816,0.9888483788307398
260,5890.28245749991,6.7491675779844424,6.044917178514844,-0.14680782261248734,0.9891650333588327
261,5394.750328420534,6.749208721256068,5.816917182227056,-0.1416576112174379,0.9899157141818536
262,6195.482283098616,6.521385760608457,5.807933942179225,-0.15094633029325735,0.9885419593375888
263,6884.989437159559,6.519374016837479,5.57994281759978,-0.10878638190555168,0.9940651503356807
264,9180.670639571348,6.331472948085338,5.709083006393986,-0.09240565855869479,0.9957214441129275
265,10553.870442660727,6.338163682532018,5.481181198431513,-0.049410052786064765,0.9987785774052618
266,12254.3714178264,6.346956612489078,5.253350813314053,-0.033257149639757545,0.9994468279992882
267,11741.409094113245,6.359116779019158,5.025675319793207,-0.021061738994648912,0.9997781769725329
268,11249.216859351951,6.374488199208189,4.7981940690463105,-0.01056525118236303,0.9999441861761353
269,10798.91346648922,6.387995927896958,4.570594549570388,0.001815813982937641,0.9999983514084309
270,10735.165873783086,6.406894890465758,4.343379168898606,0.01531864242094319,0.9998826627131703
271,10434.338299276533,6.429781758464903,4.11653078060107,0.030714578824649032,0.9995281960243164
272,10374.216064274282,6.463193216345132,3.8909921486944326,0.045157098827321863,0.9989798979086113
273,8973.184952927058,6.511543146669089,3.668177687230037,0.058616252849449615,0.9982805892643056
274,8981.94963880964,6.589924912350245,3.454074210357978,0.0702036162659386,0.9975326823032841
275,8401.037746551812,6.68901287043061,3.248731626943179,0.07877471001694812,0.9968924440789718
276,8487.962921557895,6.831081828070445,3.070404928787432,0.0825729778110936,0.9965850206256406
277,8345.81492932718,6.934978803494976,2.8674531648196497,0.08147611057087874,0.9966752948710237
278,8354.97998935119,7.135304912972785,2.758579614948779,0.08320015286786007,0.9965328567401904
279,8449.456001075967,7.164973474799271,2.532518171002342,0.07276329921319326,0.997349237873881
280,9146.082788163867,7.349362780998625,2.6666247844086945,0.09547661863146091,0.9954316728408348
281,9886.425254486074,7.352393276218456,2.438644925432682,0.0924018753523529,0.9957217951975181
282,10969.959908525136,7.547644824993243,2.3209128877324567,0.11515273087855588,0.993347798392492
283,10084.526383149898,7.561871969092395,2.093357205819695,0.11192779114144852,0.9937163426100007
284,10124.151473983271,7.766855298757259,1.9935281791816202,0.13603756179344378,0.9907036801088885
285,8607.86226032368,7.794079263865715,1.7671593303446531,0.13062730217584603,0.9914315447504484
286,10148.032767846613,7.964651449776501,1.9184508680908743,0.16210898473822613,0.9867728599161723
287,9405.213416665725,7.9694782758100295,1.6905019664693879,0.1785623154587317,0.9839286048784314
288,10134.889476750088,8.16687701107315,1.5764066584303624,0.21192250756085787,0.9772864732457511
289,9092.158424694677,8.258545069059052,1.3676461086488163,0.21177967659054736,0.9773174349121185
290,9240.953264449226,8.476753921236577,1.433743739705965,0.23090698887221003,0.9729758283174197
291,9067.121749728587,8.522254494056002,1.2103300027220807,0.22838671483763784,0.973570494872185
292,9362.167730841365,8.737362646165852,1.2859109718603847,0.2520956202418894,0.967702329363145
293,8904.871256791148,8.790723858023695,1.0642432451407233,0.25531749920761676,0.9668572669212186
294,9055.15305280956,9.012958702511975,1.115191001669052,0.28283024854029815,0.959169979988236
295,8094.877366483036,9.101397229773784,0.905041942913696,0.2862929804056836,0.9581421237845829
296,9104.905207372834,9.314988674075112,0.9848084454148904,0.3026624531451602,0.9530978121138216
297,7571.87224227456,9.431655062456313,0.7889182878722344,0.3076622887271053,0.9514956206390018
298,8277.380620985337,9.630705373997626,0.9001071968303935,0.31506395952885746,0.9490704406976326
299,7463.058054565362,9.746771491530266,0.7038607793830951,0.3244748661915655,0.9458943182036594
300,7427.841960739082,9.951202729305981,0.8048155663993103,0.3370505013757137,0.9414865689548525
301,7214.824861603386,10.134241038043605,0.6688708072709417,0.3437962350574847,0.9390442741214594
302,7166.410088786429,10.347688733986336,0.7490211728143316,0.3458571197723994,0.9382871909510117
303,6968.881486527145,10.559934960741524,0.6657412879189651,0.35233108887640285,0.9358754210957613
304,6983.09365673737,10.782240447498458,0.7163799150504598,0.3482585843896813,0.937398505652156
305,6718.826328355117,11.007727605760081,0.6826228201058796,0.3505031107001771,0.9365615673245937
306,7013.958613254581,11.233190910682936,0.7165388654718134,0.34677617849966,0.9379479100809234
307,6256.451885205446,11.461188996647856,0.7174731011662975,0.34738531916817356,0.9377224749500388
308,7209.551955387771,11.687798554740558,0.7426148628593463,0.3438826262379979,0.9390126406878969
309,6391.0238703529,11.915277078404834,0.7580265879906124,0.34022582455946015,0.9403437607081973
310,6687.379900536868,12.141641236651697,0.7852895273257148,0.33260456671653543,0.9430663827108385
311,6137.002372009519,12.36578486365777,0.8270463767346725,0.3296536839909684,0.9441019270349906
312,6390.498593490445,12.585634952685762,0.8874610964177443,0.3220768068190898,0.9467135419487875
313,5857.733465078882,12.809723603940524,0.9295119748725563,0.321763197389109,0.9468201755380676
314,6078.245939946117,13.029398288374214,0.9905614058196113,0.31689830841231265,0.948459520551834
315,5459.835154702911,13.251654051278074,1.0414178297601873,0.3130238493981717,0.9497452656938863
316,5989.585766239864,13.425781002372682,1.1886041229484303,0.29374168110835314,0.9558848386597826
317,5549.508633908512,13.639972565574562,1.2667448565841941,0.2977701102210551,0.95463760739819
318,5949.059071445098,13.8594378588583,1.3285427937980088,0.29653151131643063,0.9550230692482741
319,5324.698178133688,14.072491168052698,1.4097356964516048,0.2914862667513801,0.9565750134178413
320,5361.369687182408,14.287113442501719,1.4866855457713357,0.28652817099573286,0.9580718173633124
321,4874.038084538397,14.495599872773871,1.5789753523177497,0.28192890475236554,0.9594352988425701
322,4746.1620666132585,14.70532610786894,1.6684119573117226,0.2756856188012371,0.9612478554390531
323,4281.694834693875,14.911121479595533,1.7665560604250197,0.26776249982062594,0.9634849473083682
324,4286.2215511599115,15.104213884883857,1.8877968251041073,0.25861912688372724,0.9659793720416076
325,3817.8576587388,15.299606529959219,2.0052945452966866,0.2505532345946105,0.96810282337889
326,4280.429488558319,15.481149877730797,2.1432293591758813,0.23782144802790955,0.9713088895186269
327,3875.8046181710793,15.67795627448738,2.2583433991349144,0.232117702366957,0.9726877054059463
328,3863.712478981712,15.822277755907692,2.4348520674791256,0.2139868606545447,0.9768365387654233
329,3649.6805322070827,16.006884738782,2.568658875504895,0.21320999044708946,0.9770063970996055
330,3320.4756995728626,16.212454399312648,2.667274871516259,0.2082647240580372,0.978072494610205
331,2984.803871168923,16.377930263731656,2.824124284313318,0.19143426624908202,0.9815054364116766
332,2763.1758889914277,16.563794419341658,2.956179256424864,0.18406924386917006,0.9829132787084688
333,2620.706482255694,16.68811484170417,3.1473033851569703,0.16224310784435197,0.9867508165474229
334,2648.228178699933,16.863857341820356,3.29255686584818,0.15958303455127093,0.9871845091386959
335,2251.2354715708457,17.053044124530828,3.419806075070326,0.15107042724555655,0.9885230022674459
336,2398.76986484962,17.16904282439401,3.6160923497561828,0.12857787221939335,0.9916994155365492
337,2202.0682895598698,17.33763181416444,3.769590729318266,0.12300089630910353,0.9924065595849099
338,2092.433809395314,17.4618766170076,3.960764024959848,0.10640597615752574,0.9943227686410303
339,1833.1730872738308,17.64225609241185,4.100217403738881,0.10060367109629514,0.9949265808902426
340,1945.7274255819254,17.700952451277885,4.320532490502973,0.07097579391156197,0.9974780381936353
341,992.3702436828315,17.76209982040638,4.100885047429617,0.060267161552736315,0.9981822825708621
342,459.6759420501941,17.785618525198934,4.3276688002093975,0.04889950466734038,0.9988037036591769
343,159.5516450840478,17.99354987766962,4.421202498199547,0.04382937731420308,0.9990390311115223
344,142.2709473046312,17.982570873472696,4.648938005898377,0.017637095815654213,0.9998444543283668
345,164.64461944715177,18.0158996110156,4.8744888765546355,0.02097420917269918,0.9997800170785471
346,207.8856449467944,18.195834569157636,5.014515341333343,0.03060192732267545,0.9995316513468384
347,60.14394174828242,18.237455234986758,4.790346386801408,0.022374210242911564,0.9997496660244534
348,15.79415961925457,18.261374896217625,5.017088199898597,0.014968267147441885,0.9998879692138529
349,3.5672275010068786,18.337210230551932,4.80206959124715,0.00937824819504291,0.9999560232634195
350,0.6292368613036443,18.34878069920538,5.029775814822923,0.0018640209346698759,0.9999982627114685
351,0.13047349988842494,18.470949117630663,4.837268990166068,-0.0035416644677801657,0.9999937282867317
352,0.018476494846687883,18.48626854812314,5.064753748005766,-0.00880753480118334,0.999961212913144
353,0.004065844775685995,18.549237303452138,4.845621514292155,-0.013063929754910322,0.9999146632284971
354,0.00030865697406869526,18.617569188765938,5.063141061573455,-0.012896878168926887,0.9999168318082738
355,8.010564797916012e-05,18.676653826485712,4.842929786690621,-0.01437853088433321,0.9998966235814623
356,1.0594211371252123e-05,18.719025351075565,5.066958030231322,-0.01574339234227389,0.9998760651188511
357,2.3874973603422396e-06,18.804130725985253,4.855437167994327,-0.017569862750378598,0.9998456380476604
358,1.6861828163882303e-07,18.937878231420004,5.040087120038677,-0.017869546581910603,0.9998403269047298
359,4.6019458485250336e-08,19.04879856051054,4.84088701814501,-0.01893669463467936,0.9998206847211719
360,1.3341843661398557e-08,19.085533275639417,5.065908263151788,-0.0200372229744471,0.9997992346943821
361,1.01339635494577e-08,19.250738300947724,5.2230429175501145,-0.02129090876213799,0.9997733229107897
362,1.0997772024189544e-08,19.42442270960787,5.075334670697154,-0.0229102685722872,0.999737525350502
363,3.5094421439654363e-09,19.435159267228514,5.303081737265438,-0.024471817792052254,0.9997005202229078
364,4.129279899944825e-09,19.451174661258396,5.53051855740252,-0.02618631932921549,0.9996570795427742
365,4.513357545679588e-09,19.44009103712556,5.758248997344312,-0.028421367197507746,0.9995960313479763
366,6.49112323048251e-09,19.450279486632738,5.986021242134233,-0.03071443107783523,0.9995282005644287
367,6.533280457351395e-09,19.427127315380627,6.212842707093599,-0.03345788817007962,0.9994401281313444
368,8.813499357609675e-09,19.42935308431219,6.440831842695854,-0.03629696045876721,0.9993410482220045
369,1.0198850646978277e-08,19.3915949859537,6.665683629454044,-0.03971551464871591,0.9992110277094561
370,1.2880106970159398e-08,19.362681216979176,6.891842852046642,-0.04317155724648276,0.9990676737062979
371,1.3986646614156759e-08,19.303427248296043,7.1120086241259965,-0.04689800293672126,0.9988996833118666
372,2.0377038433344107e-08,19.505774576185942,7.21707792932888,-0.05049501862055976,0.998724312858413
373,1.2551167057414047e-08,19.421238507043252,7.42882696241735,-0.05390496597706769,0.9985460703658149
374,1.8275250450494867e-08,19.35829303949177,7.647965886652013,-0.056922740153872005,0.9983785863355519
375,2.5706014082504758e-08,19.37067912196519,7.420302571730699,-0.060081034718845204,0.9981935029177025
376,6.495938915076087e-09,19.273187389673108,7.626407792757944,-0.0622117420419332,0.998062973540301
377,9.008503294467049e-09,19.16868246199495,7.829047177110994,-0.06440661670491397,0.9979237384312623
378,1.0822554661351562e-08,19.05952465432017,8.029218536260188,-0.06686445024120977,0.9977620684782224
379,1.3917870364534695e-08,18.940133357832,8.223459928148925,-0.06923088267959034,0.9976006640351663
380,1.2604088075459612e-08,18.840157090298522,8.428371484509405,-0.07210380490471456,0.9973971332013455
381,1.897279725000305e-08,18.743572140696003,8.63490319517457,-0.07485073540555698,0.9971947489880034
382,2.7014927201593038e-08,18.589598928271887,8.803058628794176,-0.07789011379758932,0.9969619502130452
383,3.636913671700793e-08,18.612511636692226,8.576212849038756,-0.08112802238655453,0.996703689159244
384,1.027383907922286e-08,18.492150299665603,8.769854653794763,-0.0833857412349105,0.9965173446351572
385,1.5528324305546022e-08,18.357562786262676,8.953893240064101,-0.08577156614903252,0.9963148289774382
386,1.7454730114569428e-08,18.23296760664857,9.14483836625728,-0.08849173905098563,0.9960769107452156
387,2.5307971619223864e-08,18.086044547514934,9.319187483532973,-0.09136380235483048,0.9958175814973682
388,3.396666095391266e-08,17.865978145208917,9.378809447406088,-0.09466339050823455,0.9955093382271637
389,3.558054426317668e-08,17.962742558480656,9.172361758331649,-0.0981668049301079,0.9951699746323812
390,7.937757346712123e-09,17.83372842669396,9.360349401008834,-0.10077573291845206,0.9949091675398054
391,1.3590760419679663e-08,17.693314789572995,9.53998238937807,-0.10363420077903364,0.9946154796849338
392,1.4111011450223338e-08,17.545979437477218,9.713983234269161,-0.10687660682363267,0.9942722921382585
393,2.6932377650320375e-08,17.38043171841453,9.870756805744525,-0.1106670303414993,0.9938575392858847
394,4.652067923464193e-08,17.189621191337014,9.99555801870498,-0.11505009128999058,0.9933596913979169
395,8.676281737096016e-08,17.24420809004828,9.774188936651758,-0.11997518851212115,0.9927768904146999
396,3.7019065878945357e-08,17.09153391802384,9.943524689511724,-0.12407552055073884,0.9922727776171546
397,4.193252268703897e-08,16.916757766218193,10.0899395001014,-0.12839071058643015,0.9917236638475011
398,8.177278244028225e-08,16.735239696328932,10.22790757721954,-0.1334521405461643,0.9910552588951067
