frame_id,3's score,pos_x,pos_y,per_x,per_y
0,1.9850460743332363,12.267172675201751,12.573038428494591,0.7250018791726714,0.6887468876126375
1,2.3312569977484587,12.43274954525632,12.729781211750895,0.7261363903984596,0.6875506836147397
2,0.004709298639782656,12.656218516135601,12.775009732113105,0.7285448875277014,0.6849980633967142
3,0.11719497006683154,12.866397661007712,12.863376734216992,0.7843218830164431,0.6203540793946156
4,0.2365063740670263,13.072305180974855,12.961285330473808,0.8427874893468617,0.5382464563751568
5,0.35946195574633644,13.275496043259366,13.064713921705039,0.8693933947268174,0.4941205573596189
6,0.4897512323587523,13.47663830924085,13.172072148384855,0.8768680763676011,0.4807310855846361
7,0.627383013951183,13.676098933984562,13.282523310338217,0.875669562162704,0.48291077633635204
8,0.768659961916619,13.874150266835754,13.395482017642554,0.8714058373595861,0.49056280598475743
9,0.9066025079896386,14.071075926058114,13.510391915997042,0.866693618549032,0.4988408278863961
10,1.060750439850747,14.266655368059478,13.627578441956452,0.8616020651899627,0.507584358762552
11,1.206114929017276,14.461256186202107,13.746382993966126,0.8571286549677112,0.5151023867477634
12,1.3521917708705415,14.654819015025833,13.866871297538534,0.8528887323149246,0.5220927219280509
13,1.4811536452301446,14.84748247890928,13.988792541316768,0.849271716958514,0.5279560121585297
14,1.612167318503618,15.039162406442863,14.11225429807051,0.845508415948107,0.5339620946854964
15,1.7365999704615276,15.229782969417748,14.237345468706721,0.8416389754939585,0.5400405863724319
16,1.8246471855677187,15.41937083420062,14.36399633339809,0.83858806007699,0.5447660649272407
17,1.9034917386842052,15.607870377324911,14.492261380242246,0.8354518016216675,0.5495637243915487
18,1.958500913158735,15.789955838389089,14.629479764101864,0.8326224491949519,0.5538410034446708
19,2.0055169852441193,15.598113057389993,14.506271211726093,0.8315995059388581,0.5553757842418473
20,1.0337393111243587,15.390824074885916,14.411322395343662,0.8690100945612286,0.49479435682986994
21,0.057167688775307625,15.164744600145122,14.38179154535714,0.8809216219805573,0.4732621851861228
22,0.026387647316579808,14.936787759172462,14.3773554824895,0.8863676292555153,0.46298210095851167
23,0.002697318847360954,14.71049126123355,14.405174451208406,0.8870017436820333,0.46176607357517335
24,0.0008732753663680265,14.487963692997026,14.454828065122593,0.8871936834697517,0.4613971911611233
25,0.000574783643650434,14.28732615802628,14.34652949836909,0.8871652321604243,0.4614518944004242
26,0.0002804577910110347,14.114149126964085,14.198226713794817,0.8871151393542246,0.46154818765599637
27,0.0002963695882280757,13.948348044806792,14.041721119148905,0.8870444849152169,0.46168396309759085
28,0.00013535476022079728,13.795126106321442,13.87288084680018,0.887011750335157,0.4617468513886814
29,0.00015188965541345476,13.638643170209722,13.707058379366316,0.886972557277747,0.4618221331163912
30,6.24696734021318e-05,13.48189457302173,13.54148701324404,0.8869573032486153,0.4618514287235061
31,6.579245110377266e-05,13.318521015344281,13.38244902831021,0.8869408861816319,0.46188295532455137
32,2.9215583039499554e-05,13.152486053951485,13.226191575383023,0.8869334752470858,0.46189718605564944
33,3.222394173527548e-05,12.986642620811503,13.069730859277207,0.8869255732695202,0.4619123590904805
34,1.4209373384780975e-05,12.820326397119045,12.913772808068943,0.8869220985423585,0.4619190309104171
35,1.5590766917185558e-05,12.654208611092967,12.7576034091273,0.8869184714611659,0.4619259951344905
36,6.450830295749601e-06,12.490492984286945,12.598917576301835,0.8869169593492571,0.4619288984450619
37,6.998308328317197e-06,12.327405069509087,12.439586687728996,0.8869154098867181,0.46193187344615527
38,2.6106817353166838e-06,12.170914943388713,12.273771005639427,0.8869148387974652,0.4619329699435474
39,2.826890180679947e-06,12.014089501621552,12.108272423124244,0.8869142544212005,0.4619340919487175
40,9.553237649887502e-07,11.850079855673199,11.949890492223348,0.886914057371402,0.46193447028447354
41,1.0295895866361442e-06,11.68642396078842,11.791143057379625,0.8869138559373537,0.461934857037586
42,3.88764491168322e-07,11.521660872478007,11.633545072841702,0.8869137795632538,0.4619350036756514
43,4.132199001782164e-07,11.35712470182941,11.475710195364336,0.8869137020756769,0.461935152451529
44,1.536749158299127e-07,11.19243333737463,11.318037260229534,0.8869136733258944,0.4619352076509958
45,1.6127360218073844e-07,11.027991713808216,11.16010388048085,0.886913644287492,0.46193526340460295
46,5.371918467503289e-08,10.867508827099186,10.99814943295459,0.8869136346076569,0.4619352819898426
47,5.6578315420462526e-08,10.706178024824531,10.83703961873641,0.8869136247179835,0.4619353009779701
48,1.6323527383288096e-08,10.545552781621948,10.675226358321478,0.8869136218947687,0.46193530639852914
49,1.677418293251094e-08,10.384286961832524,10.514051498719725,0.8869136190479638,0.46193531186438125
50,5.166022438560625e-09,10.220659756424233,10.355274492669501,0.8869136181651048,0.46193531355946665
51,5.251355224354463e-09,10.057737539134719,10.195774175699697,0.8869136172764722,0.4619353152656371
52,1.706188689167214e-09,9.895588110193685,10.03548829767516,0.886913616987685,0.461935315820107
53,1.7128629793286607e-09,9.736818996943414,9.871853433793031,0.8869136166973656,0.4619353163775191
54,5.324036952951229e-10,9.573301930522689,9.712963003026545,0.8869136166070926,0.4619353165508427
55,5.280336401973045e-10,9.733693810680096,9.875007579546624,0.8869136165168525,0.461935316724103
56,5.299034065141567e-10,9.569739301434705,9.716568572676149,0.8869136164269946,0.4619353168966302
57,5.280340846434092e-10,9.731528861189396,9.877217688311385,0.8869136163367439,0.46193531706991114
58,5.269101066331897e-10,9.567172360335732,9.719195725827875,0.8869136162473893,0.46193531724147163
59,5.249929056598623e-10,9.726111854369407,9.882665102887676,0.8869136161576447,0.46193531741378063
60,5.233803137443936e-10,9.561559420879671,9.724847180481486,0.8869136160688773,0.4619353175842136
61,5.214178027597017e-10,9.718706264520401,9.890040611143109,0.8869136159797238,0.4619353177553876
62,5.192812447443794e-10,9.554113342600559,9.73226491575916,0.8869136158916381,0.4619353179245119
63,5.125457541464088e-10,9.70585703585858,9.902434982329094,0.8869136158039853,0.4619353180928046
64,5.093354274575681e-10,9.541322625337626,9.744598270013732,0.8869136157175819,0.4619353182586992
65,5.072740007425256e-10,9.694444086843328,9.913529670370083,0.8869136156308054,0.46193531842530944
66,5.035933428887674e-10,9.530030981727691,9.75556660232494,0.8869136155453703,0.46193531858934456
67,5.015212089445886e-10,9.6835117735957,9.924171603815314,0.8869136154595664,0.46193531875408755
68,4.97615335873334e-10,9.518918156683547,9.766396633456338,0.886913615375156,0.46193531891615486
69,4.955602375038768e-10,9.670996009592637,9.936268133875219,0.8869136152903785,0.4619353190789275
70,4.913715911011846e-10,9.506205545498213,9.778698774723306,0.8869136152070473,0.4619353192389232
71,4.89352162505794e-10,9.657363663460794,9.949389206130608,0.886913615123349,0.46193531939962357
72,4.852526965039708e-10,9.492035473072578,9.792384144228267,0.8869136150410927,0.46193531955755496
73,4.83299758350658e-10,9.640887998660958,9.965088879617777,0.8869136149584671,0.46193531971619567
74,4.874665816209071e-10,9.474424933257207,9.809287570713177,0.8869136148758372,0.46193531987484493
75,4.856011864251308e-10,9.622301657309231,9.982828558619902,0.8869136147928312,0.46193532003421617
76,4.830452247235948e-10,9.454566870824626,9.828397210108777,0.8869136147110152,0.4619353201913021
77,4.812961419827871e-10,9.597572382364744,10.005973739157945,0.8869136146288159,0.4619353203491243
78,4.797074526011937e-10,9.428287002049643,9.853243715876431,0.8869136145476268,0.4619353205050074
79,4.780942979450187e-10,9.566466439509387,10.034600940886378,0.8869136144660458,0.4619353206616425
80,4.811449036103134e-10,9.395446894936548,9.883815280513454,0.8869136143845657,0.4619353208180836
81,4.796106430812496e-10,9.531222124141099,10.066979379436939,0.88691361430269,0.4619353209752849
82,4.753581569675033e-10,9.358535627170962,9.91810569551603,0.8869136142222033,0.4619353211298188
83,4.739282253503032e-10,9.49139691622975,10.103394329462198,0.8869136141413217,0.4619353212851112
84,4.663215675027159e-10,9.31664430080069,9.956951427958906,0.8869136140623712,0.46193532143669547
85,4.650084429666142e-10,9.442084006780828,10.147342814748374,0.8869136139830276,0.4619353215890352
86,4.673386042293505e-10,9.264749154825164,10.004037719647526,0.8869136139038447,0.46193532174106583
87,4.661666259571477e-10,9.387510311046428,10.196167099293687,0.8869136138242688,0.46193532189385134
88,4.5812785248840287e-10,9.206646380201224,10.057342611110869,0.8869136137466439,0.4619353220428907
89,4.571718257430635e-10,9.32788387108172,10.250437071945461,0.8869136136686211,0.4619353221926939
90,4.500337269381387e-10,9.144095511537866,10.115508057659508,0.8869136135923477,0.46193532233913875
91,4.4926766852514317e-10,9.263507550669276,10.309736698468424,0.8869136135156765,0.4619353224863467
92,4.476774299106664e-10,9.075764926072086,10.18036627329575,0.8869136134397314,0.46193532263216086
93,4.4709994180182915e-10,9.195536974099596,10.374373119853535,0.8869136133633868,0.46193532277874216
94,4.4687251534352885e-10,9.002079789501458,10.25371526587228,0.8869136132875185,0.4619353229244091
95,4.4654030497816973e-10,9.118885726849834,10.449522244808598,0.8869136132112407,0.46193532307086205
96,4.4132911038519054e-10,8.91995166781431,10.338125475754685,0.8869136131362784,0.4619353232147896
97,4.4197480976969213e-10,9.036663931343142,10.533988304137145,0.886913613060783,0.4619353233597404
98,4.370495981027342e-10,8.831100611792282,10.435359091146111,0.8869136129864739,0.4619353235024136
99,4.4751683439226305e-10,8.946033465720319,10.632271353557462,0.8869136129099562,0.4619353236493268
100,4.4805008583580866e-10,8.733280952680865,10.550293501698578,0.8869136128336684,0.4619353237957993
101,4.6429772006457697e-10,8.848022738145827,10.747317161872457,0.8869136127542356,0.46193532394830994
102,4.623813877674318e-10,8.626960768194952,10.69149955316841,0.8869136126754029,0.4619353240996683
103,4.883002904422404e-10,8.740804924267705,10.889043239800209,0.8869136125917964,0.4619353242601924
104,4.973149937392793e-10,8.514147919019367,10.864332878170822,0.8869136125068516,0.461935324423286
105,5.167039507183316e-10,8.623261373147278,11.064528417902046,0.8869136124182643,0.46193532459337305
106,5.435152819357238e-10,8.399221976584672,11.106840931274133,0.8869136123254427,0.4619353247715899
107,6.743798513402852e-10,8.503112620179754,11.309795936566932,0.8869136122095852,0.4619353249940359
108,6.891700338578058e-10,8.294727771305645,11.402314879274439,0.8869136120916978,0.4619353252203789
109,9.499600010356867e-10,8.387480756575803,11.610595660249242,0.8869136119281877,0.4619353255343177
110,9.897183535238306e-10,8.207461225769963,11.750513380815455,0.886913611758429,0.46193532586025376
111,1.580823474000416e-09,8.285645222693033,11.964689155881482,0.8869136114947439,0.46193532636652795
112,1.612577135241889e-09,8.136368851466058,12.137027674481669,0.8869136112169896,0.4619353268998146
113,2.7264050156801337e-09,8.196059116232895,12.357075560842944,0.886913610766155,0.46193532776541507
114,2.876737827043116e-09,8.084619746032354,12.555985758593854,0.886913610268093,0.4619353287216913
115,5.332368366162794e-09,8.132115978879055,12.778983758283026,0.886913609406991,0.4619353303750034
116,5.7742433953860006e-09,8.064969847721969,12.996872255158458,0.886913608399997,0.46193533230842715
117,1.1611672782589894e-08,8.099244427859382,13.222281334736907,0.8869136066203015,0.4619353357254339
118,1.2732305188081433e-08,8.088095274486383,13.450008575924837,0.8869136043805893,0.46193534002567055
119,2.7466467783914662e-08,8.117001075730922,13.67616881702484,0.8869136002061703,0.4619353480405342
120,3.215332860023844e-08,8.121844676367852,13.904117362826014,0.8869135947466976,0.46193535852269474
121,6.688200235168208e-08,8.157573739423242,14.129300475099523,0.8869135850294984,0.4619353771796689
122,8.182642317051895e-08,8.19252591357625,14.354605480640851,0.8869135715506548,0.46193540305897923
123,1.7177521541033108e-07,8.242030865633009,14.57716616836862,0.8869135474563768,0.4619354493198644
124,2.2878768598363521e-07,8.30039230238679,14.797570212569344,0.8869135114922055,0.461935518370871
125,4.624883642625249e-07,8.355620695530085,15.018780123266875,0.8869134512315108,0.4619356340710367
126,6.551968264159634e-07,8.426337224314395,15.23553614407529,0.8869133562530693,0.46193581642898823
127,1.3088036336884502e-06,8.508919760459118,15.448054672029691,0.8869131957143708,0.46193612466197315
128,2.039873465730719e-06,8.604013094291474,15.655277397281166,0.8869129223125926,0.46193664959054404
129,3.7220943334747294e-06,8.682451126533117,15.869360266979,0.8869125213215507,0.46193741948780215
130,6.2141787453882545e-06,8.794683797160458,16.067823935301075,0.8869117680768618,0.46193886570278436
131,1.0885757598961867e-05,8.887578661668474,16.276041475743845,0.8869107575301342,0.4619408059235766
132,1.968944220006937e-05,9.015190360999583,16.464983938398028,0.8869086991970367,0.4619447578321677
133,3.17604657582692e-05,9.123556840883573,16.665584800902536,0.8869061733527686,0.46194960728281703
134,6.222288508230103e-05,9.262469098962697,16.84638132895371,0.8869009423302305,0.46195965028749975
135,9.67156539073103e-05,9.38261033899507,17.040159765430747,0.8868953853724332,0.4619703187490334
136,0.00019565912050114248,9.532316870624085,17.21212474555057,0.8868837168072129,0.4619927194904951
137,0.00028626982860170333,9.664661626228662,17.39778267202818,0.8868736776897783,0.4620119909926659
138,0.0006082546499931411,9.825172922047077,17.55970896363857,0.8868541150003586,0.4620495413988967
139,0.0008411068408534462,9.9693363743006,17.736346725836654,0.8868465886856457,0.46206398705875484
140,0.0018439461995576334,10.14015879810053,17.887355664403607,0.8868440016808996,0.4620689523032344
141,0.0023885604405847133,10.294704119506047,18.054985445861632,0.8868908217636539,0.4619790799066454
142,0.005331138205588806,10.473720169026846,18.196184787269328,0.8870695235319569,0.46163585261630946
143,0.00666845402958206,10.638120589755713,18.35416105657637,0.8874214006552298,0.46095906288857147
144,0.014946657849268515,10.825863392005504,18.48353122393885,0.8884832026498883,0.4589091398185454
145,0.017606265778138536,10.999419323931965,18.631390408615143,0.8899695095196357,0.456020034785073
146,0.03908034057144381,11.194373184364279,18.7496147390321,0.8940039410393945,0.44805909588583404
147,0.044171580528499524,11.374921385848138,18.88884960155203,0.8987468249258774,0.43846795172013875
148,0.09672113659642358,11.577101130762529,18.99424101840536,0.9099767949968569,0.4146591763933942
149,0.1052216008021803,11.763828745673056,19.12507219905365,0.9208438250856023,0.3899315963110923
150,0.21909566584108864,11.971264220629582,19.219700544329054,0.9409458384376556,0.338557128306077
151,0.23653119895366057,12.16242602960138,19.343963019721386,0.9561776811799967,0.2927870250083579
152,0.45489708750063107,12.374481031401507,19.42772862251602,0.9759414311291097,0.2180328484556058
153,0.48720068875148953,12.567421473276776,19.549211073466665,0.9865350265324063,0.16355011899935915
154,0.857030839505342,12.781239412481709,19.628368441248547,0.9962596371995894,0.08641027304054971
155,0.970921257588527,12.97161821875182,19.753827239756934,0.999468793002353,0.0325903638276648
156,1.5178447477102261,13.185950616943735,19.831580844723533,0.9992207528361583,-0.039470078560106384
157,1.8970444741538035,13.386638815162673,19.939785498484987,0.9951230448362572,-0.0986413991983917
158,2.5612294874236907,13.597133162191774,20.027399024089156,0.9861762266291707,-0.16569987939479758
159,3.0478189615290674,13.781910050469778,20.16097110784283,0.9747065182110981,-0.22348870968529544
160,3.5940226917191787,13.959165504995942,20.304374398742038,0.9580218637704783,-0.2866951491353473
161,3.9906730613762895,14.101827038442,20.482227391055407,0.9377886372386508,-0.3472066702499739
162,4.2800297007913475,14.2449314260659,20.65972424804952,0.9133599788617266,-0.40715297986593013
163,4.43753425514853,14.368205596395862,20.851524870909458,0.8864283630179115,-0.4628658091038759
164,4.514625323736565,14.505546131440706,21.033518215385556,0.8570852295789273,-0.5151746395521013
165,4.565148742327002,14.64138446662427,21.216635518485393,0.8251169069288027,-0.5649620251842115
166,4.599963655762382,14.796685357344135,21.383565543770292,0.7906140448945563,-0.6123148144667645
167,4.620247134181665,14.946996681537083,21.555002137936654,0.7538369848001742,-0.6570614890155881
168,4.637156472210202,15.125157088015527,21.69727957663807,0.714603241241115,-0.6995299904991155
169,4.662622421866515,15.284280354662666,21.860570072416433,0.6729509776269488,-0.7396870836447894
170,4.678325868823595,15.496166591092832,21.94476165638692,0.6295448698754927,-0.7769641283955451
171,4.68106599614936,15.578697472039607,22.157300249800326,0.5848483306779431,-0.8111426693888216
172,4.684347948010257,15.775755916024607,22.04261821260962,0.5452766805964068,-0.8382561312616593
173,4.688397028948927,15.745453542343979,22.26859557021281,0.5199238347354425,-0.8542126234574108
174,4.690810786205779,15.921329674583799,22.123503922939918,0.5001405154568944,-0.865944261946756
175,4.693469365477596,15.885089807814367,22.348605393518262,0.4814647013533434,-0.8764654821216495
176,4.695111499755881,16.04368546762982,22.184802412203208,0.4649221311298304,-0.8853515753561952
177,4.6969074749500646,16.0017191580213,22.408906916526174,0.4495188334658289,-0.8932708538620973
178,4.697985509828181,16.145417194209134,22.231890322965683,0.43567080443049633,-0.9001060771747319
179,4.699222320444473,16.098605080135208,22.45503293650225,0.42293046056059785,-0.9061621408611158
180,4.699906840768364,16.22954685924756,22.268382861541397,0.41142333153350696,-0.9114443714620603
181,4.700775749130118,16.178747508844783,22.490651676265045,0.40090653051915087,-0.9161189626828479
182,4.701190744721758,16.29888586920539,22.296871454441803,0.39139063104209687,-0.920224632322168
183,4.701814988207256,16.2448319482841,22.51837128205581,0.38272907167565906,-0.9238606267691508
184,4.7020484962230045,16.35590443193741,22.31925598034576,0.3748842145345721,-0.9270716400002738
185,4.702509481719835,16.299199216212617,22.540091934188435,0.3677626986275885,-0.9299196726051953
186,4.702620959956639,16.4027143225431,22.336945133176485,0.3613116780871969,-0.932445103626918
187,4.702973619214701,16.343850248743333,22.557215468936196,0.35546498550827765,-0.9346895977155197
188,4.703003043323613,16.441095525840606,22.350993850083384,0.35016887772605404,-0.936686584227657
189,4.703283328134257,16.380471652812552,22.57078635682344,0.3453747225244291,-0.9384648640418956
190,4.703257310093651,16.472536320581067,22.36220041063177,0.341032400331874,-0.9400515421634498
191,4.703547458808792,16.410521060299754,22.581604393030087,0.33711555011218164,-0.9414632790887604
192,4.703490687862294,16.498343162837493,22.371196982737935,0.3335501542350986,-0.9427323557668645
193,4.703686396164139,16.43515716882878,22.590266675213027,0.3303272114294931,-0.943866480700112
194,4.703604809435309,16.519458754130046,22.37842418014725,0.32740617812876494,-0.9448836936486499
195,4.703778764472701,16.455316349523056,22.597215752039844,0.32476836709719775,-0.9457935862190121
196,4.703681162639771,16.536726923411198,22.384245522995492,0.3223790647199506,-0.9466106584178576
197,4.703840589928498,16.471806052206496,22.602807368892762,0.3202214767582849,-0.9473427076949202
198,4.703731650891014,16.55084488504322,22.38894558431261,0.31826744878643354,-0.9480009657394738
199,4.703881373450416,16.485289137833167,22.6073178444734,0.31650346566809295,-0.9485913536502882
200,4.7037659762778326,16.562385038357196,22.39274799076047,0.31490567396485225,-0.9491229722774295
201,4.703908809732441,16.49631043327726,22.61096381640914,0.3134638732577448,-0.9496001264544212
202,4.703788041877421,16.571815412941614,22.39582897951403,0.3121575118411929,-0.9500303615154178
203,4.703926976260034,16.505317390934202,22.61391614802493,0.31097961067737573,-0.950416583263859
204,4.703802732996666,16.579520885083898,22.398328946512464,0.30991166864338904,-0.9507653536171112
205,4.703939452412623,16.512677994498954,22.61631066129205,0.3089495260019005,-0.951078435452724
206,4.70381257813589,16.585816001654,22.40035966706098,0.30807659678762184,-0.9513615561455894
207,4.703947538197016,16.518690841963917,22.618254625553785,0.3072908467915342,-0.9516156448262828
208,4.703819501147148,16.590957698069978,22.40201054700238,0.3065775920128198,-0.9518456703035535
209,4.70395319682899,16.523602584133183,22.619834532427678,0.30593591904801365,-0.952052106471199
210,4.703823516919233,16.59515742676778,22.403353806968024,0.3053531365811171,-0.9522391831782988
211,4.70395656574149,16.527615058624498,22.621119801801004,0.3048289381515031,-0.9524071180253889
212,4.703826513255782,16.598587973122232,22.40444759452075,0.30435286946432705,-0.9525593581760825
213,4.70395900760967,16.530893135344275,22.622166240801256,0.3039241841596098,-0.9526962214068636
214,4.703828421323675,16.601390181854974,22.405338736934084,0.3035356465966963,-0.9528200833552604
215,4.703960574868992,16.533571068857867,22.62301870365653,0.3031850638996273,-0.9529316958881046
216,4.703829920435441,16.603679220694275,22.406065144003588,0.30286804741136053,-0.9530324998955858
217,4.703961645301829,16.535758160558377,22.623713322470618,0.30258153509963526,-0.9531235043879404
218,4.703830799692356,16.605548801161124,22.40665741611408,0.3023228335621069,-0.9532055939339523
219,4.703962534450994,16.537544303808897,22.624279538932214,0.3020887040035271,-0.9532798198396258
220,4.703831405913441,16.607075411313044,22.407140355252146,0.30187758148421756,-0.9533466975855319
221,4.703963010128584,16.539002733473527,22.624741160700466,0.3016863038096985,-0.9534072446198646
222,4.703831796550864,16.608321899628983,22.40753422433905,0.3015140256356469,-0.953461741416501
223,4.703963349949346,16.540193541913947,22.62511760347232,0.30135774984940333,-0.953511146555563
224,4.703831848311265,16.60933961511648,22.407855502403887,0.30121718437468553,-0.9535555609598145
225,4.703963561572741,16.541166514617444,22.62542486690254,0.30108949843712485,-0.9535958860706566
226,4.703832023123109,16.610171139864057,22.408117799151455,0.30097467052349075,-0.9536321343701019
227,4.703963581860762,16.541960900481744,22.625675523085604,0.3008703271434425,-0.9536650597796891
228,4.703832138754942,16.61085002838697,22.40833181359196,0.30077665065494935,-0.9536946085727814
229,4.7039636759574615,16.54260965267633,22.62588008667835,0.3006913847644737,-0.9537214955784646
230,4.7038329130869165,16.611404448022622,22.40850650011995,0.3006149399788486,-0.9537455938883878
231,4.703963740337266,16.54313931139911,22.62604700467433,0.3005452505327514,-0.9537675567884482
232,4.703832964591439,16.611857197100694,22.40864909257602,0.30048291023404333,-0.9537871988327794
233,4.703963782139048,16.54357184098148,22.62618325113433,0.30042591784366185,-0.95380515195075
234,4.703832998918288,16.6122268257033,22.408765466505642,0.30037509277927754,-0.9538211591476886
235,4.703963809999167,16.54392496272811,22.62629444276885,0.3003284900246596,-0.9538358339250564
236,4.703833021796481,16.612528591926594,22.40886044804678,0.3002870691702432,-0.9538488748691512
237,4.703963828567394,16.544213253069636,22.626385192563028,0.300248949366373,-0.953860874763395
238,4.703833037044341,16.61277495370356,22.408937973205813,0.3002152063283903,-0.953871495479974
239,4.703963840953646,16.5444487170925,22.626459294897664,0.3001840123026171,-0.9538813127207715
240,4.703833047204712,16.612976171047144,22.409001280433966,0.30015651524407394,-0.9538899655392827
241,4.7039638492088285,16.544640949163806,22.626519779532675,0.3001309749660648,-0.9538980018146171
242,4.703833053974741,16.613140443502235,22.409052956142578,0.30010859721500743,-0.953905042379817
243,4.703963854710733,16.54479788622993,22.62656915063274,0.3000876752378162,-0.9539116244025769
244,4.7038330584854755,16.61327455402063,22.40909513846512,0.3000694772113051,-0.9539173490644428
245,4.7039638583776355,16.54492600828968,22.626609451319386,0.3000523256952187,-0.9539227441700352
246,4.703833061490685,16.613384040357605,22.409129572145734,0.3000375399928632,-0.9539273948236473
247,4.703963860821546,16.545030605773277,22.626642348737192,0.3000234666955043,-0.9539318211654392
248,4.703833063492695,16.613473423617855,22.40915768103509,0.30001146679748664,-0.9539355952002319
249,4.70396386245036,16.545115997874408,22.626669203363747,0.2999999065557461,-0.9539392308037989
250,4.70383306482626,16.613546394868653,22.40918062718741,0.2999901809671102,-0.9539422893044003
251,4.703963863535927,16.545185710824573,22.626691125501917,0.2999806723734175,-0.9539452794591482
252,4.703833065714454,16.61360596750875,22.40919935904794,0.29997280350872224,-0.9539477538917515
253,4.703963864259434,16.545242623454236,22.62670902133834,0.29996496986605675,-0.9539502171776343
254,4.7038330663059265,16.61365460167358,22.40921465075345,0.29995861680937014,-0.9539522148419224
255,4.703963864741635,16.54528908604024,22.626723630504145,0.29995215058108127,-0.9539542480443096
256,4.703833066699733,16.61369430580664,22.409227134190502,0.29994703501038794,-0.9539558565198273
257,4.703963865063012,16.545327017339908,22.626735556711807,0.29994168512386987,-0.9539575386384098
258,4.703833066961873,16.613726719586598,22.409237325149885,0.29993757981923086,-0.9539588294115122
259,4.703963865277202,16.54535798381407,22.626745292748467,0.29993314129992504,-0.9539602249307668
260,4.7038330671363155,16.613753181631523,22.409245644667116,0.2999298607612224,-0.953961256353608
261,4.703963865419955,16.545383264307304,22.626753240867984,0.2999261662693813,-0.9539624179111834
262,4.703833067252362,16.613774784774016,22.40925243643671,0.29992355905647194,-0.9539632376160515
263,4.703963865515097,16.54540390285438,22.626759729430603,0.29992047197751354,-0.9539642081801527
264,4.703833067329528,16.613792421188585,22.409257981023718,0.2999184144566405,-0.9539648550496055
265,4.703963865578505,16.54542075179228,22.626765026481934,0.2999158232599654,-0.9539656696958739
266,4.703833067380812,16.61380681923396,22.409262507462355,0.29991421449828465,-0.9539661754705334
267,4.703963865620767,16.545434506957196,22.62676935083499,0.2999120281317426,-0.9539668628321976
268,4.703833067414874,16.61381857353126,22.409266202722616,0.299910785729211,-0.9539672534229292
269,4.703963865648932,16.54544573641951,22.626772881115006,0.29990892985910456,-0.9539678368743711
270,4.703833067437479,16.613828169519735,22.409269219437107,0.2999079865456395,-0.9539681334332613
271,4.703963865667704,16.545454903942986,22.626775763141822,0.29990640048705475,-0.9539686320560536
272,4.703833067452467,16.61383600350398,22.409271682208086,0.29990570134447747,-0.9539688518505608
273,4.703963865680215,16.54546238813679,22.626778115955734,0.29990433555521273,-0.9539692812219827
274,4.7038330674623925,16.613842399020317,22.409273692755725,0.29990383574925966,-0.9539694383484626
275,4.7039638656885545,16.545468498091044,22.62678003673611,0.299902649783878,-0.9539698111851385
276,4.703833067468954,16.613847620198133,22.409275334120597,0.29990231271264367,-0.9539699171512734
277,4.703963865694112,16.545473486141546,22.626781604816436,0.29990127355218077,-0.9539702438345654
278,4.703833067473287,16.613851882667955,22.40927667409422,0.29990106933452376,-0.9539703080347991
279,4.703963865697815,16.54547755829078,22.62678288496178,0.29990015002287257,-0.9539705970396878
280,4.703833067476137,16.61385536246664,22.40927776801947,0.2999000542643699,-0.9539706271433247
281,4.703963865700285,16.545480882715445,22.626783930044258,0.29989923279504643,-0.9539708853885126
282,4.703833067478008,16.613858203307437,22.409278661076677,0.29989922558054144,-0.953970887656532
283,4.70396386570193,16.545483596711914,22.626784783227084,0.29989848398785107,-0.953971120790241
284,4.703833067479232,16.613860522515175,22.40927939014982,0.2998985490589798,-0.9539711003339244
285,4.703963865703026,16.545485812366415,22.626785479747497,0.29989787267605916,-0.9539713129672056
286,4.70383306748003,16.613862415871655,22.40927998535003,0.29989799675979734,-0.9539712739592637
287,4.703963865703756,16.545487621184048,22.626786048372253,0.29989737361289104,-0.9539714698564575
288,4.703833067480545,16.61386396157133,22.40928047125929,0.2998975458733917,-0.9539714157033831
289,4.703963865704243,16.54548909786785,22.626786512585802,0.29989696618735034,-0.9539715979376028
290,4.703833067480876,16.613865223450667,22.409280867945753,0.2998971777784347,-0.953971531420372
291,4.703963865704568,16.545490303403973,22.626786891560293,0.29989663357301055,-0.9539717025004334
292,4.703833067481088,16.613866253624543,22.409281191792598,0.2998968772728257,-0.9539716258893698
293,4.703963865704785,16.545491287580344,22.626787200947412,0.2998963620330963,-0.9539717878634116
294,4.703833067481217,16.61386709463855,22.409281456174686,0.2998966319458604,-0.9539717030119549
295,4.703963865704928,16.54549209104288,22.626787453524855,0.29989614035316603,-0.9539718575520317
296,4.7038330674813,16.613867781226094,22.409281672010962,0.2998964316656752,-0.9539717659732886
297,4.703963865705026,16.545492746974134,22.626787659724044,0.29989595937796415,-0.9539719144444299
298,4.703833067481348,16.613868341742855,22.409281848215425,0.2998962681608119,-0.9539718173736677
299,4.703963865705089,16.545493282463696,22.626787828060973,0.29989581163331686,-0.9539719608902528
300,4.7038330674813755,16.61386879933787,22.40928199206527,0.29989613467861037,-0.9539718593359181
301,4.7039638657051315,16.54549371962699,22.626787965487914,0.2998956910174512,-0.9539719988077038
302,4.703833067481391,16.613869172909563,22.409282109501454,0.2998960257063298,-0.9539718935930702
303,4.70396386570516,16.545494076518626,22.626788077680562,0.2998955925489976,-0.9539720297627629
304,4.703833067481398,16.613869477886247,22.40928220537405,0.2998959367434731,-0.9539719215599349
305,4.703963865705178,16.545494367878035,22.626788169272434,0.2998955121612619,-0.9539720550338644
306,4.7038330674814,16.613869726863292,22.409282283642558,0.2998958641159227,-0.9539719443915342
307,4.703963865705191,16.545494605738202,22.626788244046242,0.2998954465342748,-0.9539720756646958
308,4.703833067481399,16.61386993012332,22.409282347539435,0.29989580482419986,-0.9539719630308039
309,4.703963865705198,16.545494799922626,22.626788305090113,0.2998953929576759,-0.9539720925073024
310,4.703833067481396,16.61387009606086,22.409282399703596,0.29989575641958865,-0.9539719782475388
311,4.703963865705205,16.54549495845102,22.626788354925136,0.29989534921878125,-0.9539721062572769
312,4.703833067481393,16.61387023152905,22.4092824422894,0.29989571690300354,-0.9539719906701839
313,4.70396386570521,16.545495087870524,22.626788395609477,0.29989531351119614,-0.9539721174824877
314,4.7038330674813915,16.61387034212265,22.40928247705562,0.2998956846424304,-0.9539720008117888
315,4.703963865705212,16.545495193526097,22.626788428823378,0.29989528436021656,-0.953972126646531
316,4.703833067481386,16.613870432409115,22.40928250543808,0.2998956583055243,-0.9539720090911978
317,4.703963865705213,16.545495279781253,22.62678845593856,0.2998952605619232,-0.9539721341278771
318,4.703833067481385,16.613870506117234,22.409282528608973,0.2998956368045861,-0.9539720158503455
319,4.703963865705215,16.545495350198287,22.626788478074864,0.2998952411334584,-0.9539721402355024
320,4.703833067481382,16.61387056629111,22.409282547525237,0.2998956192516377,-0.953972021368382
321,4.703963865705216,16.545495407685387,22.626788496146517,0.2998952252724375,-0.9539721452216484
322,4.70383306748138,16.613870615415895,22.40928256296811,0.2998956049217513,-0.9539720258731998
323,4.703963865705217,16.54549545461674,22.62678851089986,0.29989521232380717,-0.9539721492922414
324,4.703833067481378,16.613870655520415,22.409282575575368,0.2998955932231099,-0.9539720295508453
325,4.703963865705216,16.545495492930584,22.626788522944203,0.2998952017527971,-0.9539721526153943
326,4.703833067481377,16.613870688260967,22.40928258586769,0.29989558367256675,-0.9539720325532035
327,4.703963865705217,16.545495524209265,22.62678853277697,0.29989519312282975,-0.9539721553283517
328,4.7038330674813755,16.613870714989716,22.40928259427014,0.2998955758756882,-0.9539720350042707
329,4.703963865705216,16.54549554974457,22.626788540804252,0.2998951860774921,-0.9539721575431572
330,4.7038330674813755,16.613870736810547,22.40928260112974,0.2998955695104686,-0.9539720370052739
331,4.703963865705217,16.545495570591097,22.626788547357567,0.2998951803258155,-0.9539721593512814
332,4.703833067481374,16.613870754624653,22.409282606729782,0.29989556431402664,-0.9539720386388542
333,4.703963865705217,16.545495587609796,22.626788552707566,0.29989517563025797,-0.9539721608273989
334,4.703833067481373,16.61387076916774,22.40928261130155,0.29989556007175255,-0.9539720399724773
335,4.703963865705216,16.545495601503532,22.6267885570752,0.29989517179689634,-0.9539721620324725
336,4.703833067481373,16.613870781040433,22.40928261503385,0.2998955566084425,-0.9539720410612212
337,4.703963865705217,16.545495612846107,22.626788560640854,0.2998951686674149,-0.9539721630162711
338,4.703833067481372,16.61387079073307,22.409282618080827,0.29989555378106364,-0.9539720419500507
339,4.703963865705217,16.545495622105967,22.626788563551784,0.29989516611256645,-0.9539721638194252
340,4.703833067481372,16.61387079864595,22.40928262056832,0.2998955514728459,-0.9539720426756739
341,4.703963865705217,16.545495629665535,22.62678856592821,0.2998951640268378,-0.9539721644751046
342,4.703833067481371,16.613870805105872,22.409282622599058,0.29989554958846243,-0.9539720432680583
343,4.703963865705217,16.54549563583702,22.626788567868275,0.29989516232409014,-0.9539721650103884
344,4.70383306748137,16.61387081037963,22.409282624256914,0.299895548050088,-0.9539720437516696
345,4.703963865705217,16.545495640875302,22.626788569452106,0.29989516093399887,-0.953972165447384
346,4.70383306748137,16.61387081468502,22.409282625610356,0.2998955467941889,-0.9539720441464804
347,4.703963865705218,16.545495644988456,22.626788570745116,0.2998951597991566,-0.9539721658041384
348,4.703833067481368,16.613870818199857,22.409282626715278,0.2998955457688977,-0.9539720444687962
349,4.703963865705217,16.545495648346353,22.626788571800706,0.2998951588726929,-0.9539721660953857
350,4.703833067481369,16.613870821069302,22.40928262761732,0.29989554493187015,-0.9539720447319285
351,4.703963865705218,16.54549565108768,22.62678857266247,0.2998951581163459,-0.9539721663331545
352,4.70383306748137,16.61387082341186,22.409282628353726,0.2998955442485359,-0.953972044946745
353,4.703963865705217,16.54549565332564,22.626788573365996,0.29989515749887863,-0.9539721665272646
354,4.70383306748137,16.61387082532428,22.409282628954916,0.2998955436906761,-0.9539720451221165
355,4.703963865705217,16.54549565515267,22.626788573940342,0.2998951569947908,-0.9539721666857318
356,4.70383306748137,16.61387082688554,22.409282629445713,0.2998955432352501,-0.9539720452652867
357,4.703963865705217,16.545495656644224,22.626788574409225,0.29989515658326343,-0.9539721668151016
358,4.70383306748137,16.613870828160128,22.40928262984639,0.2998955428634487,-0.9539720453821681
359,4.703963865705216,16.5454956578619,22.626788574792013,0.29989515624729984,-0.9539721669207166
360,4.703833067481369,16.613870829200675,22.409282630173497,0.29989554255991735,-0.9539720454775878
361,4.703963865705218,16.545495658855984,22.626788575104513,0.2998951559730257,-0.9539721670069388
362,4.70383306748137,16.613870830050157,22.40928263044054,0.2998955423121205,-0.9539720455554865
363,4.703963865705217,16.545495659667537,22.626788575359633,0.29989515574911374,-0.9539721670773288
364,4.703833067481369,16.613870830743657,22.40928263065855,0.29989554210982344,-0.9539720456190816
365,4.703963865705218,16.545495660330072,22.626788575567907,0.2998951555663164,-0.9539721671347938
366,4.703833067481369,16.613870831309818,22.409282630836525,0.2998955419446725,-0.9539720456709992
367,4.703963865705218,16.545495660870955,22.626788575737937,0.2998951554170842,-0.9539721671817071
368,4.703833067481368,16.613870831772022,22.40928263098182,0.2998955418098462,-0.953972045713384
369,4.7039638657052185,16.545495661312522,22.626788575876745,0.29989515529525357,-0.9539721672200063
370,4.703833067481369,16.613870832149356,22.40928263110044,0.29989554169977634,-0.9539720457479862
371,4.7039638657052185,16.545495661673005,22.626788575990066,0.2998951551957935,-0.9539721672512731
372,4.703833067481368,16.6138708324574,22.409282631197275,0.29989554160991816,-0.9539720457762344
373,4.7039638657052185,16.545495661967298,22.62678857608258,0.299895155114597,-0.9539721672767985
374,4.703833067481369,16.613870832708887,22.40928263127633,0.2998955415365597,-0.953972045799296
375,4.7039638657052185,16.545495662207554,22.626788576158106,0.299895155048309,-0.953972167297637
376,4.703833067481369,16.61387083291419,22.409282631340872,0.29989554147667075,-0.9539720458181228
377,4.7039638657052185,16.54549566240369,22.626788576219766,0.2998951549941934,-0.9539721673146491
378,4.703833067481368,16.6138708330818,22.409282631393562,0.29989554142777886,-0.9539720458334927
379,4.703963865705218,16.545495662563816,22.6267885762701,0.2998951549500137,-0.9539721673285375
380,4.703833067481368,16.61387083321863,22.409282631436575,0.29989554138786456,-0.9539720458460403
381,4.703963865705218,16.545495662694538,22.626788576311196,0.2998951549139473,-0.9539721673398756
382,4.703833067481369,16.61387083333034,22.40928263147169,0.29989554135527935,-0.953972045856284
383,4.7039638657052185,16.545495662801258,22.626788576344744,0.29989515488450275,-0.9539721673491318
384,4.703833067481369,16.613870833421533,22.40928263150036,0.2998955413286771,-0.9539720458646468
385,4.703963865705218,16.54549566288838,22.62678857637213,0.2998951548604649,-0.9539721673566885
386,4.703833067481368,16.613870833495984,22.409282631523762,0.29989554130695983,-0.9539720458714739
387,4.703963865705218,16.545495662959507,22.62678857639449,0.2998951548408409,-0.9539721673628576
388,4.703833067481368,16.613870833556764,22.40928263154287,0.29989554128923046,-0.9539720458770474
389,4.703963865705218,16.545495663017572,22.626788576412743,0.29989515482482026,-0.953972167367894
390,4.703833067481369,16.613870833606384,22.40928263155847,0.2998955412747563,-0.9539720458815976
391,4.703963865705218,16.54549566306498,22.626788576427646,0.29989515481174084,-0.9539721673720056
392,4.703833067481368,16.613870833646892,22.4092826315712,0.29989554126293894,-0.9539720458853126
393,4.7039638657052185,16.545495663103676,22.62678857643981,0.2998951548010634,-0.9539721673753623
394,4.703833067481369,16.61387083367996,22.409282631581597,0.29989554125329315,-0.9539720458883449
395,4.7039638657052185,16.54549566313527,22.62678857644974,0.299895154792347,-0.9539721673781023
396,4.703833067481369,16.613870833706958,22.409282631590084,0.29989554124541773,-0.9539720458908205
397,4.7039638657052185,16.545495663161063,22.62678857645785,0.2998951547852308,-0.9539721673803394
398,4.703833067481368,16.613870833729,22.409282631597016,0.2998955412389882,-0.9539720458928418
